item_id,name
25,Worn Shortsword
35,Bent Staff
36,Worn Mace
37,Worn Axe
38,Recruit's Shirt
40,Recruit's Boots
43,Squire's Boots
44,Squire's Pants
45,Squire's Shirt
51,Neophyte's Boots
52,Neophyte's Pants
53,Neophyte's Shirt
55,Apprentice's Boots
59,Acolyte's Shoes
85,Dirty Leather Vest
117,Tough Jerky
118,Minor Healing Potion
120,Thug Pants
121,Thug Boots
127,Trapper's Shirt
139,Brawler's Pants
140,Brawler's Boots
153,Primitive Kilt
154,Primitive Mantle
159,Refreshing Spring Water
193,Tattered Cloth Vest
194,Tattered Cloth Pants
195,Tattered Cloth Boots
200,Thick Cloth Vest
209,Dirty Leather Pants
210,Dirty Leather Boots
239,Cured Leather Gloves
285,Scalemail Vest
286,Scalemail Pants
414,Dalaran Sharp
422,Dwarven Mild
647,Destiny
711,Tattered Cloth Gloves
714,Dirty Leather Gloves
720,Brawler Gloves
723,Goretusk Liver
727,Notched Shortsword
728,Recipe: Westfall Stew
729,Stringy Vulture Meat
730,Murloc Eye
731,Goretusk Snout
732,Okra
753,Dragonmaw Shortsword
754,Shortsword of Vengeance
756,Tunnel Pick
765,Silverleaf
766,Flanged Mace
767,Long Bo Staff
768,Lumberjack Axe
769,Chunk of Boar Meat
770,Pointy Crocolisk Tooth
771,Chipped Boar Tusk
774,Malachite
776,Vendetta
783,Light Hide
785,Mageroyal
787,Slitherskin Mackerel
789,Stout Battlehammer
790,Forester's Axe
791,Gnarled Ash Staff
793,Knitted Gloves
796,Rough Leather Boots
804,Large Blue Sack
805,Small Red Pouch
809,Bloodrazor
810,Hammer of the Northern Wind
811,Axe of the Deep Woods
812,Glowing Brightwood Staff
814,Flask of Oil
818,Tigerseye
827,Wicked Blackjack
828,Small Blue Pouch
832,Silver Defias Belt
833,Lifestone
837,Heavy Weave Armor
838,Heavy Weave Pants
839,Heavy Weave Gloves
840,Heavy Weave Shoes
843,Tanned Leather Boots
844,Tanned Leather Gloves
845,Tanned Leather Pants
846,Tanned Leather Jerkin
847,Chainmail Armor
851,Cutlass
852,Mace
853,Hatchet
854,Quarter Staff
856,Blue Leather Bag
857,Large Red Sack
858,Lesser Healing Potion
863,Gloom Reaper
864,Knightly Longsword
865,Leaden Mace
866,Monk's Staff
867,Gloves of Holy Might
868,Ardent Custodian
869,Dazzling Longsword
870,Fiery War Axe
871,Flurry Axe
873,Staff of Jordan
878,Fist-sized Spinneret
880,Staff of Horrors
890,Twisted Chanter's Staff
892,Gnoll Casting Gloves
897,Madwolf Bracers
899,Venom Web Fang
920,Wicked Spiked Mace
926,Battle Axe
929,Healing Potion
932,Fel Steed Saddlebags
934,Stalvan's Reaper
935,Night Watch Shortsword
936,Midnight Mace
937,Black Duskwood Staff
940,Robes of Insight
942,Freezing Band
943,Warden Staff
944,Elemental Mage Staff
954,Scroll of Strength
955,Scroll of Intellect
1015,Lean Wolf Flank
1074,Hard Spider Leg Tip
1076,Defias Renegade Ring
1077,Defias Mage Ring
1080,Tough Condor Meat
1081,Crisp Spider Meat
1121,Feet of the Lynx
1168,Skullflame Shield
1169,Blackskull Shield
1177,Oil of Olaf
1179,Ice Cold Milk
1180,Scroll of Stamina
1181,Scroll of Spirit
1194,Bastard Sword
1196,Tabar
1197,Giant Mace
1198,Claymore
1200,Large Wooden Shield
1202,Wall Shield
1203,Aegis of Stormwind
1204,The Green Tower
1205,Melon Juice
1206,Moss Agate
1207,Murphstar
1210,Shadowgem
1251,Linen Bandage
1263,Brain Hacker
1265,Scorpion Sting
1274,Hops
1280,Cloaked Hood
1288,Large Venom Sac
1296,Blackrock Mace
1297,Robes of the Shadowcaster
1314,Ghoul Fingers
1315,Lei of Lilies
1318,Night Reaver
1355,Buckskin Cape
1357,Captain Sander's Treasure Map
1364,Ragged Leather Vest
1366,Ragged Leather Pants
1367,Ragged Leather Boots
1368,Ragged Leather Gloves
1369,Ragged Leather Belt
1370,Ragged Leather Bracers
1372,Ragged Cloak
1374,Frayed Shoes
1376,Frayed Cloak
1377,Frayed Gloves
1378,Frayed Pants
1380,Frayed Robe
1384,Dull Blade
1388,Crooked Staff
1395,Apprentice's Pants
1396,Acolyte's Pants
1399,Magic Candle
1401,Green Tea Leaf
1411,Withered Staff
1412,Crude Bastard Sword
1413,Feeble Sword
1414,Cracked Sledge
1415,Carpenter's Mallet
1416,Rusty Hatchet
1417,Beaten Battle Axe
1418,Worn Leather Belt
1419,Worn Leather Boots
1420,Worn Leather Bracers
1421,Worn Hide Cloak
1422,Worn Leather Gloves
1423,Worn Leather Pants
1425,Worn Leather Vest
1427,Patchwork Shoes
1429,Patchwork Cloak
1430,Patchwork Gloves
1431,Patchwork Pants
1433,Patchwork Armor
1438,Warrior's Shield
1443,Jeweled Amulet of Cainwyn
1447,Ring of Saviors
1448,Blackrock Gauntlets
1455,Blackrock Champion's Axe
1458,Shadowhide Maul
1464,Buzzard Talon
1465,Tigerbane
1468,Murloc Fin
1470,Murloc Skin Bag
1475,Small Venom Sac
1477,Scroll of Agility II
1478,Scroll of Protection II
1481,Grimclaw
1482,Shadowfang
1483,Face Smasher
1484,Witching Stave
1485,Pitchfork
1486,Tree Bark Jacket
1488,Avenger's Armor
1489,Gloomshroud Armor
1491,Ring of Precision
1493,Heavy Marauder Scimitar
1495,Calico Shoes
1497,Calico Cloak
1498,Calico Gloves
1499,Calico Pants
1501,Calico Tunic
1502,Warped Leather Belt
1503,Warped Leather Boots
1504,Warped Leather Bracers
1505,Warped Cloak
1506,Warped Leather Gloves
1507,Warped Leather Pants
1509,Warped Leather Vest
1510,Heavy Hammer
1511,Commoner's Sword
1512,Crude Battle Axe
1513,Old Greatsword
1514,Rusty Warhammer
1515,Rough Wooden Staff
1516,Worn Hatchet
1520,Troll Sweat
1521,Lumbering Ogre Axe
1522,Headhunting Spear
1523,Huge Stone Club
1529,Jade
1539,Gnarled Hermit's Staff
1602,Sickle Axe
1604,Chromatic Sword
1607,Soulkeeper
1608,Skullcrusher Mace
1613,Spiritchaser Staff
1624,Skullsplitter Helm
1625,Exquisite Flamberge
1630,Broken Electro-lantern
1639,Grinning Axe
1640,Monstrous War Axe
1645,Moonberry Juice
1652,Sturdy Lunchbox
1659,Engineering Gloves
1664,Spellforce Rod
1677,Drake-scale Vest
1678,Black Ogre Kickers
1679,Korg Bat
1685,Troll-hide Bag
1686,Bristly Whisker
1687,Retractable Claw
1688,Long Soft Tail
1696,Curved Raptor Talon
1701,Curved Basilisk Claw
1702,Intact Basilisk Spine
1703,Crystal Basilisk Spine
1705,Lesser Moonstone
1707,Stormwind Brie
1708,Sweet Nectar
1710,Greater Healing Potion
1711,Scroll of Stamina II
1712,Scroll of Spirit II
1713,Ankh of Life
1714,Necklace of Calisea
1715,Polished Jazeraint Armor
1716,Robe of the Magi
1717,Double Link Tunic
1718,Basilisk Hide Pants
1720,Tanglewood Staff
1721,Viking Warhammer
1722,Thornstone Sledgehammer
1725,Large Knapsack
1726,Poison-tipped Bone Spear
1727,Sword of Decay
1728,Teebu's Blazing Longsword
1730,Worn Mail Belt
1731,Worn Mail Boots
1732,Worn Mail Bracers
1733,Worn Cloak
1734,Worn Mail Gloves
1735,Worn Mail Pants
1737,Worn Mail Vest
1738,Laced Mail Belt
1739,Laced Mail Boots
1740,Laced Mail Bracers
1741,Laced Cloak
1742,Laced Mail Gloves
1743,Laced Mail Pants
1744,Laced Mail Shoulderpads
1745,Laced Mail Vest
1746,Linked Chain Belt
1747,Linked Chain Boots
1749,Linked Chain Cloak
1750,Linked Chain Gloves
1751,Linked Chain Pants
1752,Linked Chain Shoulderpads
1753,Linked Chain Vest
1754,Reinforced Chain Belt
1755,Reinforced Chain Boots
1756,Reinforced Chain Bracers
1757,Reinforced Chain Cloak
1759,Reinforced Chain Pants
1760,Reinforced Chain Shoulderpads
1761,Reinforced Chain Vest
1764,Canvas Shoes
1766,Canvas Cloak
1767,Canvas Gloves
1768,Canvas Pants
1769,Canvas Shoulderpads
1770,Canvas Vest
1772,Brocade Shoes
1774,Brocade Cloak
1775,Brocade Gloves
1776,Brocade Pants
1777,Brocade Shoulderpads
1778,Brocade Vest
1780,Cross-stitched Sandals
1782,Cross-stitched Cloak
1783,Cross-stitched Gloves
1784,Cross-stitched Pants
1785,Cross-stitched Shoulderpads
1786,Cross-stitched Vest
1787,Patched Leather Belt
1788,Patched Leather Boots
1789,Patched Leather Bracers
1790,Patched Cloak
1791,Patched Leather Gloves
1792,Patched Leather Pants
1793,Patched Leather Shoulderpads
1794,Patched Leather Jerkin
1795,Rawhide Belt
1796,Rawhide Boots
1797,Rawhide Bracers
1799,Rawhide Gloves
1800,Rawhide Pants
1801,Rawhide Shoulderpads
1802,Rawhide Tunic
1803,Tough Leather Belt
1804,Tough Leather Boots
1805,Tough Leather Bracers
1806,Tough Cloak
1807,Tough Leather Gloves
1808,Tough Leather Pants
1809,Tough Leather Shoulderpads
1810,Tough Leather Armor
1811,Blunt Claymore
1812,Short-handled Battle Axe
1813,Chipped Quarterstaff
1814,Battered Mallet
1815,Ornamental Mace
1816,Unbalanced Axe
1817,Stock Shortsword
1818,Standard Claymore
1819,Gouging Pick
1820,Wooden Maul
1821,Warped Blade
1822,Cedar Walking Stick
1823,Bludgeoning Cudgel
1824,Shiny War Axe
1825,Bulky Bludgeon
1826,Rock Maul
1827,Meat Cleaver
1828,Stone War Axe
1829,Short Cutlass
1830,Long Bastard Sword
1831,Oaken War Staff
1835,Dirty Leather Belt
1836,Dirty Leather Bracers
1840,Rough Leather Bracers
1843,Tanned Leather Belt
1844,Tanned Leather Bracers
1846,Chainmail Bracers
1849,Cured Leather Belt
1850,Cured Leather Bracers
1925,Defias Rapier
1926,Weighted Sap
1927,Deadmines Cleaver
1928,Defias Mage Staff
1929,Silk-threaded Trousers
1930,Stonemason Cloak
1933,Staff of Conjuring
1934,Stonemason Trousers
1935,Assassin's Blade
1936,Goblin Screwdriver
1943,Goblin Mail Leggings
1944,Metalworking Gloves
1945,Woodworking Gloves
1951,Blackwater Cutlass
1958,Petrified Shinbone
1973,Orb of Deception
1974,Mindthrust Bracers
1975,Pysan's Old Greatsword
1976,Slaghammer
1978,Wolfclaw Gloves
1979,Wall of the Dead
1980,Underworld Band
1981,Icemail Jerkin
1982,Nightblade
1986,Gutrender
1988,Chief Brigadier Gauntlets
1990,Ballast Maul
1991,Goblin Power Shovel
1992,Swampchill Fetish
1993,Ogremind Ring
1994,Ebonclaw Reaver
1996,Voodoo Band
1997,Pressed Felt Robe
1998,Bloodscalp Channeling Staff
2011,Twisted Sabre
2015,Black Metal War Axe
2024,Espadon
2025,Bearded Axe
2027,Scimitar
2034,Scholarly Robes
2035,Sword of the Night Sky
2039,Plains Ring
2040,Troll Protector
2046,Bluegill Kukri
2059,Sentry Cloak
2070,Darnassian Bleu
2072,Dwarven Magestaff
2073,Dwarven Hatchet
2075,Priest's Mace
2077,Magician Staff
2078,Northern Shortsword
2079,Sergeant's Warhammer
2080,Hillborne Axe
2091,Magic Dust
2092,Worn Dagger
2098,Double-barreled Shotgun
2099,Dwarven Hand Cannon
2100,Precisely Calibrated Boomstick
2101,Light Quiver
2102,Small Ammo Pouch
2105,Thug Shirt
2117,Thin Cloth Shoes
2130,Club
2131,Shortsword
2132,Short Staff
2134,Hand Axe
2138,Sharpened Letter Opener
2139,Dirk
2140,Carving Knife
2141,Cuirboulli Vest
2143,Cuirboulli Boots
2156,Padded Boots
2158,Padded Gloves
2160,Padded Armor
2163,Shadowblade
2164,Gut Ripper
2194,Diamond Hammer
2204,Brashclaw's Skewer
2205,Duskbringer
2207,Jambiya
2208,Poniard
2210,Battered Buckler
2211,Bent Large Shield
2212,Cracked Buckler
2213,Worn Large Shield
2214,Wooden Buckler
2215,Wooden Shield
2216,Simple Buckler
2217,Rectangular Shield
2219,Small Round Shield
2220,Box Shield
2221,Targe Shield
2222,Tower Shield
2226,Ogremage Staff
2227,Heavy Ogre War Axe
2232,Dark Runner Boots
2234,Nightwalker Armor
2235,Brackclaw
2236,Blackfang
2243,Hand of Edward the Odd
2244,Krol Blade
2245,Helm of Narv
2246,Myrmidon's Signet
2251,Gooey Spider Leg
2256,Skeletal Club
2262,Mark of Kern
2264,Mantle of Thieves
2268,Stonesplinter Blade
2271,Staff of the Blessed Seer
2276,Swampwalker Boots
2277,Necromancer Leggings
2278,Forest Tracker Epaulets
2282,Rodentia Shortsword
2287,Haunch of Meat
2289,Scroll of Strength II
2290,Scroll of Intellect II
2291,Kang the Decapitator
2295,Large Boar Tusk
2296,Great Goretusk Snout
2299,Burning War Axe
2300,Embossed Leather Vest
2302,Handstitched Leather Boots
2303,Handstitched Leather Pants
2304,Light Armor Kit
2307,Fine Leather Boots
2308,Fine Leather Cloak
2309,Embossed Leather Boots
2310,Embossed Leather Cloak
2311,White Leather Jerkin
2312,Fine Leather Gloves
2313,Medium Armor Kit
2314,Toughened Leather Armor
2315,Dark Leather Boots
2316,Dark Leather Cloak
2317,Dark Leather Tunic
2318,Light Leather
2319,Medium Leather
2320,Coarse Thread
2321,Fine Thread
2324,Bleach
2325,Black Dye
2361,Battleworn Hammer
2362,Worn Wooden Shield
2364,Woven Vest
2366,Woven Pants
2367,Woven Boots
2369,Woven Gloves
2370,Battered Leather Harness
2371,Battered Leather Belt
2372,Battered Leather Pants
2373,Battered Leather Boots
2374,Battered Leather Bracers
2375,Battered Leather Gloves
2376,Worn Heater Shield
2386,Rusted Chain Vest
2387,Rusted Chain Belt
2388,Rusted Chain Leggings
2389,Rusted Chain Boots
2390,Rusted Chain Bracers
2391,Rusted Chain Gloves
2392,Light Mail Armor
2395,Light Mail Boots
2396,Light Mail Bracers
2398,Light Chain Armor
2399,Light Chain Belt
2400,Light Chain Leggings
2401,Light Chain Boots
2402,Light Chain Bracers
2403,Light Chain Gloves
2406,Pattern: Fine Leather Boots
2407,Pattern: White Leather Jerkin
2408,Pattern: Fine Leather Gloves
2409,Pattern: Dark Leather Tunic
2447,Peacebloom
2449,Earthroot
2450,Briarthorn
2452,Swiftthistle
2453,Bruiseweed
2454,Elixir of Lion's Strength
2455,Minor Mana Potion
2456,Minor Rejuvenation Potion
2457,Elixir of Minor Agility
2458,Elixir of Minor Fortitude
2459,Swiftness Potion
2468,Studded Bracers
2479,Broad Axe
2480,Large Club
2488,Gladius
2489,Two-handed Sword
2490,Tomahawk
2491,Large Axe
2492,Cudgel
2493,Wooden Mallet
2494,Stiletto
2495,Walking Stick
2504,Worn Shortbow
2506,Hornwood Recurve Bow
2507,Laminated Recurve Bow
2508,Old Blunderbuss
2509,Ornate Blunderbuss
2511,Hunter's Boomstick
2512,Rough Arrow
2515,Sharp Arrow
2516,Light Shot
2519,Heavy Shot
2524,Truncheon
2525,War Hammer
2526,Main Gauche
2528,Falchion
2530,Francisca
2531,Great Axe
2533,War Maul
2534,Rondel
2549,Staff of the Shade
2553,Recipe: Elixir of Minor Agility
2555,Recipe: Swiftness Potion
2564,Elven Spirit Claws
2565,Rod of Molten Fire
2567,Evocator's Blade
2568,Brown Linen Vest
2569,Linen Boots
2570,Linen Cloak
2572,Red Linen Robe
2575,Red Linen Shirt
2576,White Linen Shirt
2577,Blue Linen Shirt
2578,Barbaric Linen Vest
2579,Green Linen Shirt
2580,Reinforced Linen Cape
2581,Heavy Linen Bandage
2582,Green Woolen Vest
2583,Woolen Boots
2584,Woolen Cape
2585,Gray Woolen Robe
2587,Gray Woolen Shirt
2589,Linen Cloth
2592,Wool Cloth
2593,Flask of Stormwind Tawny
2594,Flagon of Dwarven Honeymead
2595,Jug of Badlands Bourbon
2596,Skin of Dwarven Stout
2598,Pattern: Red Linen Robe
2601,Pattern: Gray Woolen Robe
2604,Red Dye
2605,Green Dye
2608,Threshadon Ambergris
2612,Plain Robe
2613,Double-stitched Robes
2614,Robe of Apprenticeship
2620,Augural Shroud
2622,Nimar's Tribal Headdress
2623,Holy Diadem
2624,Thinking Cap
2632,Curved Dagger
2633,Jungle Remedy
2635,Loose Chain Belt
2642,Loose Chain Boots
2643,Loose Chain Bracers
2644,Loose Chain Cloak
2645,Loose Chain Gloves
2646,Loose Chain Pants
2648,Loose Chain Vest
2649,Flimsy Chain Belt
2650,Flimsy Chain Boots
2651,Flimsy Chain Bracers
2652,Flimsy Chain Cloak
2653,Flimsy Chain Gloves
2654,Flimsy Chain Pants
2656,Flimsy Chain Vest
2657,Red Leather Bag
2665,Stormwind Seasoning Herbs
2672,Stringy Wolf Meat
2673,Coyote Meat
2674,Crawler Meat
2675,Crawler Claw
2677,Boar Ribs
2678,Mild Spices
2679,Charred Wolf Meat
2680,Spiced Wolf Meat
2681,Roasted Boar Meat
2683,Crab Cake
2684,Coyote Steak
2687,Dry Pork Ribs
2692,Hot Spices
2697,Recipe: Goretusk Liver Pie
2698,Recipe: Cooked Crab Claw
2699,Recipe: Redridge Goulash
2700,Recipe: Succulent Pork Ribs
2701,Recipe: Seasoned Wolf Kabob
2721,Holy Shroud
2723,Bottle of Dalaran Noir
2725,Green Hills of Stranglethorn - Page 1
2728,Green Hills of Stranglethorn - Page 4
2730,Green Hills of Stranglethorn - Page 6
2732,Green Hills of Stranglethorn - Page 8
2734,Green Hills of Stranglethorn - Page 10
2735,Green Hills of Stranglethorn - Page 11
2738,Green Hills of Stranglethorn - Page 14
2740,Green Hills of Stranglethorn - Page 16
2742,Green Hills of Stranglethorn - Page 18
2744,Green Hills of Stranglethorn - Page 20
2745,Green Hills of Stranglethorn - Page 21
2748,Green Hills of Stranglethorn - Page 24
2749,Green Hills of Stranglethorn - Page 25
2750,Green Hills of Stranglethorn - Page 26
2751,Green Hills of Stranglethorn - Page 27
2754,Tarnished Bastard Sword
2763,Fisherman Knife
2764,Small Dagger
2765,Hunting Knife
2766,Deft Stiletto
2770,Copper Ore
2771,Tin Ore
2772,Iron Ore
2773,Cracked Shortbow
2774,Rust-covered Blunderbuss
2775,Silver Ore
2776,Gold Ore
2777,Feeble Shortbow
2778,Cheap Blunderbuss
2780,Light Hunting Bow
2781,Dirty Blunderbuss
2782,Mishandled Recurve Bow
2783,Shoddy Blunderbuss
2785,Stiff Recurve Bow
2786,Oiled Blunderbuss
2798,Rethban Ore
2799,Gorilla Fang
2800,Black Velvet Robes
2801,Blade of Hanna
2802,Blazing Emblem
2807,Guillotine Axe
2815,Curve-bladed Ripper
2819,Cross Dagger
2824,Hurricane
2825,Bow of Searing Arrows
2835,Rough Stone
2836,Coarse Stone
2838,Heavy Stone
2840,Copper Bar
2841,Bronze Bar
2842,Silver Bar
2844,Copper Mace
2845,Copper Axe
2847,Copper Shortsword
2848,Bronze Mace
2849,Bronze Axe
2850,Bronze Shortsword
2851,Copper Chain Belt
2852,Copper Chain Pants
2853,Copper Bracers
2854,Runed Copper Bracers
2857,Runed Copper Belt
2862,Rough Sharpening Stone
2863,Coarse Sharpening Stone
2864,Runed Copper Breastplate
2865,Rough Bronze Leggings
2866,Rough Bronze Cuirass
2868,Patterned Bronze Bracers
2869,Silvered Bronze Breastplate
2870,Shining Silver Breastplate
2871,Heavy Sharpening Stone
2877,Combatant Claymore
2878,Bearded Boneaxe
2879,Antipodean Rod
2880,Weak Flux
2881,Plans: Runed Copper Breastplate
2882,Plans: Silvered Bronze Shoulders
2883,Plans: Deadly Bronze Poniard
2886,Crag Boar Rib
2889,Recipe: Beer Basted Boar Ribs
2892,Deadly Poison
2893,Deadly Poison II
2901,Mining Pick
2911,Keller's Girdle
2912,Claw of the Shadowmancer
2915,Taran Icebreaker
2924,Crocolisk Meat
2928,Dust of Decay
2930,Essence of Pain
2931,Maiden's Anguish
2934,Ruined Leather Scraps
2940,Bloody Bear Paw
2947,Broken Small Throwing Knife
2951,Ring of the Underwood
2955,First Mate Hat
2957,Journeyman's Vest
2958,Journeyman's Pants
2959,Journeyman's Boots
2960,Journeyman's Gloves
2961,Burnt Leather Vest
2962,Burnt Leather Breeches
2963,Burnt Leather Boots
2964,Burnt Leather Gloves
2965,Warrior's Tunic
2966,Warrior's Pants
2967,Warrior's Boots
2968,Warrior's Gloves
2969,Spellbinder Vest
2970,Spellbinder Pants
2971,Spellbinder Boots
2972,Spellbinder Gloves
2973,Hunting Tunic
2974,Hunting Pants
2975,Hunting Boots
2976,Hunting Gloves
2977,Veteran Armor
2978,Veteran Leggings
2979,Veteran Boots
2980,Veteran Gloves
2981,Seer's Robe
2982,Seer's Pants
2983,Seer's Boots
2984,Seer's Gloves
2985,Inscribed Leather Breastplate
2986,Inscribed Leather Pants
2987,Inscribed Leather Boots
2988,Inscribed Leather Gloves
2989,Burnished Tunic
2990,Burnished Leggings
2991,Burnished Boots
2992,Burnished Gloves
2996,Bolt of Linen Cloth
2997,Bolt of Woolen Cloth
3010,Fine Sand
3011,Feathered Headdress
3012,Scroll of Agility
3013,Scroll of Protection
3019,Noble's Robe
3020,Enduring Cap
3021,Ranger Bow
3023,Large Bore Blunderbuss
3024,"BKP 2700 ""Enforcer"""
3025,"BKP 42 ""Ultra"""
3026,Reinforced Bow
3027,Heavy Recurve Bow
3030,Razor Arrow
3033,Solid Shot
3036,Heavy Shortbow
3037,Whipwood Recurve Bow
3039,Short Ash Bow
3040,Hunter's Muzzle Loader
3041,"""Mage-Eye"" Blunderbuss"
3042,"BKP ""Sparrow"" Smallbore"
3045,Lambent Scale Boots
3047,Lambent Scale Gloves
3048,Lambent Scale Legguards
3049,Lambent Scale Breastplate
3053,Humbert's Chestpiece
3055,Forest Leather Chestpiece
3056,Forest Leather Pants
3057,Forest Leather Boots
3058,Forest Leather Gloves
3065,Bright Boots
3066,Bright Gloves
3067,Bright Pants
3069,Bright Robe
3072,Smoldering Robe
3073,Smoldering Pants
3074,Smoldering Gloves
3075,Eye of Flame
3076,Smoldering Boots
3111,Broken Crude Throwing Axe
3131,Broken Weighted Throwing Axe
3164,Discolored Worg Heart
3167,Thick Spider Hair
3169,Chipped Bear Tooth
3170,Large Bear Tooth
3171,Broken Boar Tusk
3172,Boar Intestines
3173,Bear Meat
3174,Spider Ichor
3175,Ruined Dragonhide
3176,Small Claw
3180,Flecked Raptor Scale
3181,Partially Digested Meat
3182,Spider's Silk
3184,Hook Dagger
3185,Acrobatic Staff
3186,Viking Sword
3187,Sacrificial Kris
3188,Coral Claymore
3189,Wood Chopper
3190,Beatstick
3192,Short Bastard Sword
3193,Oak Mallet
3194,Black Malice
3195,Barbaric Battle Axe
3196,Edged Bastard Sword
3197,Stonecutter Claymore
3198,Battering Hammer
3199,Battle Slayer
3200,Burnt Leather Bracers
3201,Barbarian War Axe
3202,Forest Leather Bracers
3203,Dense Triangle Mace
3204,Deepwood Bracers
3205,Inscribed Leather Bracers
3206,Cavalier Two-hander
3207,Hunting Bracers
3208,Conk Hammer
3210,Brutal War Axe
3211,Burnished Bracers
3212,Lambent Scale Bracers
3213,Veteran Bracers
3214,Warrior's Bracers
3239,Rough Weightstone
3240,Coarse Weightstone
3241,Heavy Weightstone
3260,Scarlet Initiate Robes
3261,Webbed Cloak
3262,Putrid Wooden Hammer
3279,Battle Chain Boots
3280,Battle Chain Bracers
3281,Battle Chain Gloves
3282,Battle Chain Pants
3283,Battle Chain Tunic
3284,Tribal Boots
3285,Tribal Bracers
3286,Tribal Gloves
3287,Tribal Pants
3288,Tribal Vest
3289,Ancestral Boots
3290,Ancestral Gloves
3291,Ancestral Woollies
3292,Ancestral Tunic
3294,Deadman Club
3299,Fractured Canine
3300,Rabbit's Foot
3301,Sharp Canine
3302,Brackwater Boots
3303,Brackwater Bracers
3304,Brackwater Gauntlets
3305,Brackwater Leggings
3306,Brackwater Vest
3307,Barbaric Cloth Boots
3308,Barbaric Cloth Gloves
3309,Barbaric Loincloth
3310,Barbaric Cloth Vest
3311,Ceremonial Leather Ankleguards
3312,Ceremonial Leather Bracers
3313,Ceremonial Leather Harness
3314,Ceremonial Leather Gloves
3315,Ceremonial Leather Loincloth
3319,Short Sabre
3322,Wispy Cloak
3323,Ghostly Bracers
3325,Vile Fin Battle Axe
3327,Vile Fin Oracle Staff
3328,Spider Web Robe
3329,Spiked Wooden Plank
3330,Dargol's Hauberk
3334,Farmer's Shovel
3335,Farmer's Broom
3336,Flesh Piercer
3340,Incendicite Ore
3341,Gauntlets of Ogre Strength
3345,Silk Wizard Hat
3355,Wild Steelbloom
3356,Kingsblood
3357,Liferoot
3358,Khadgar's Whisker
3363,Frayed Belt
3365,Frayed Bracers
3369,Grave Moss
3370,Patchwork Belt
3371,Empty Vial
3372,Leaded Vial
3373,Patchwork Bracers
3374,Calico Belt
3375,Calico Bracers
3376,Canvas Belt
3377,Canvas Bracers
3378,Brocade Belt
3379,Brocade Bracers
3380,Cross-stitched Belt
3381,Cross-stitched Bracers
3382,Weak Troll's Blood Potion
3383,Elixir of Wisdom
3384,Minor Magic Resistance Potion
3385,Lesser Mana Potion
3386,Potion of Curing
3387,Limited Invulnerability Potion
3388,Strong Troll's Blood Potion
3389,Elixir of Defense
3390,Elixir of Lesser Agility
3391,Elixir of Ogre's Strength
3393,Recipe: Minor Magic Resistance Potion
3394,Recipe: Potion of Curing
3395,Recipe: Limited Invulnerability Potion
3396,Recipe: Elixir of Lesser Agility
3401,Rough Crocolisk Scale
3402,Soft Patch of Fur
3403,Ivory Boar Tusk
3404,Buzzard Wing
3413,Doomspike
3414,Crested Scepter
3415,Staff of the Friar
3416,Martyr's Chain
3417,Onyx Claymore
3419,Red Rose
3420,Black Rose
3421,Simple Wildflowers
3422,Beautiful Wildflowers
3423,Bouquet of White Roses
3427,Stylish Black Shirt
3428,Common Gray Shirt
3429,Guardsman Belt
3430,Sniper Rifle
3448,Senggin Root
3464,Feathered Arrow
3465,Exploding Shot
3466,Strong Flux
3469,Copper Chain Boots
3470,Rough Grinding Stone
3471,Copper Chain Vest
3472,Runed Copper Gauntlets
3473,Runed Copper Pants
3474,Gemmed Copper Gauntlets
3478,Coarse Grinding Stone
3480,Rough Bronze Shoulders
3481,Silvered Bronze Shoulders
3482,Silvered Bronze Boots
3483,Silvered Bronze Gauntlets
3484,Green Iron Boots
3485,Green Iron Gauntlets
3486,Heavy Grinding Stone
3487,Heavy Copper Broadsword
3488,Copper Battle Axe
3489,Thick War Axe
3490,Deadly Bronze Poniard
3491,Heavy Bronze Mace
3492,Mighty Iron Hammer
3530,Wool Bandage
3531,Heavy Wool Bandage
3569,Vicar's Robe
3575,Iron Bar
3576,Tin Bar
3577,Gold Bar
3590,Heavy Weave Bracers
3592,Padded Bracers
3596,Tattered Cloth Bracers
3606,Woven Belt
3607,Woven Bracers
3608,Plans: Mighty Iron Hammer
3609,Plans: Copper Chain Vest
3610,Plans: Gemmed Copper Gauntlets
3611,Plans: Green Iron Boots
3612,Plans: Green Iron Gauntlets
3641,Journeyman's Bracers
3642,Ancestral Bracers
3643,Spellbinder Bracers
3644,Barbaric Cloth Bracers
3645,Seer's Cuffs
3647,Bright Bracers
3649,Tribal Buckler
3650,Battle Shield
3651,Veteran Shield
3652,Hunting Buckler
3653,Ceremonial Buckler
3654,Brackwater Shield
3655,Burnished Shield
3656,Lambent Scale Shield
3664,Crocolisk Gumbo
3665,Curiously Tasty Omelet
3667,Tender Crocolisk Meat
3669,Gelatinous Goo
3670,Large Slimy Bone
3671,Lifeless Skull
3674,Decomposed Boot
3676,Slimy Ichor
3678,Recipe: Crocolisk Steak
3679,Recipe: Blood Sausage
3680,Recipe: Murloc Fin Soup
3681,Recipe: Crocolisk Gumbo
3682,Recipe: Curiously Tasty Omelet
3683,Recipe: Gooey Spider Cake
3685,Raptor Egg
3702,Bear Gall Bladder
3703,Southshore Stout
3711,Belamoore's Research Journal
3712,Turtle Meat
3713,Soothing Spices
3719,Hillman's Cloak
3726,Big Bear Steak
3727,Hot Lion Chops
3729,Soothing Turtle Bisque
3730,Big Bear Meat
3731,Lion Meat
3734,Recipe: Big Bear Steak
3735,Recipe: Hot Lion Chops
3736,Recipe: Tasty Lion Steak
3737,Recipe: Soothing Turtle Bisque
3740,Decapitating Sword
3745,Rune of Opening
3766,Gryphon Feather Quill
3769,Broken Wand
3770,Mutton Chop
3771,Wild Hog Shank
3775,Crippling Poison
3776,Crippling Poison II
3777,Lethargy Root
3778,Taut Compound Bow
3779,Hefty War Axe
3780,Long-barreled Musket
3781,Broad Claymore
3782,Large War Club
3783,Light Scimitar
3784,Metal Stave
3785,Keen Axe
3786,Shiny Dirk
3787,Stone Club
3792,Interlaced Belt
3793,Interlaced Boots
3794,Interlaced Bracers
3795,Interlaced Cloak
3796,Interlaced Gloves
3797,Interlaced Pants
3798,Interlaced Shoulderpads
3799,Interlaced Vest
3800,Hardened Leather Belt
3801,Hardened Leather Boots
3802,Hardened Leather Bracers
3803,Hardened Cloak
3804,Hardened Leather Gloves
3805,Hardened Leather Pants
3806,Hardened Leather Shoulderpads
3807,Hardened Leather Tunic
3808,Double Mail Belt
3809,Double Mail Boots
3810,Double Mail Bracers
3811,Double-stitched Cloak
3812,Double Mail Gloves
3813,Double Mail Pants
3814,Double Mail Shoulderpads
3815,Double Mail Vest
3816,Reflective Heater
3817,Reinforced Buckler
3818,Fadeleaf
3819,Wintersbite
3820,Stranglekelp
3821,Goldthorn
3823,Lesser Invisibility Potion
3824,Shadow Oil
3825,Elixir of Fortitude
3826,Mighty Troll's Blood Potion
3827,Mana Potion
3828,Elixir of Detect Lesser Invisibility
3829,Frost Oil
3830,Recipe: Elixir of Fortitude
3831,Recipe: Mighty Troll's Blood Potion
3832,Recipe: Elixir of Detect Lesser Invisibility
3835,Green Iron Bracers
3836,Green Iron Helm
3837,Golden Scale Coif
3840,Green Iron Shoulders
3841,Golden Scale Shoulders
3842,Green Iron Leggings
3843,Golden Scale Leggings
3844,Green Iron Hauberk
3845,Golden Scale Cuirass
3846,Polished Steel Boots
3848,Big Bronze Knife
3849,Hardened Iron Shortsword
3850,Jade Serpentblade
3851,Solid Iron Maul
3852,Golden Iron Destroyer
3853,Moonsteel Broadsword
3854,Frost Tiger Blade
3855,Massive Iron Axe
3856,Shadow Crescent Axe
3857,Coal
3858,Mithril Ore
3859,Steel Bar
3860,Mithril Bar
3864,Citrine
3866,Plans: Jade Serpentblade
3867,Plans: Golden Iron Destroyer
3868,Plans: Frost Tiger Blade
3869,Plans: Shadow Crescent Axe
3870,Plans: Green Iron Shoulders
3871,Plans: Golden Scale Shoulders
3872,Plans: Golden Scale Leggings
3873,Plans: Golden Scale Cuirass
3874,Plans: Polished Steel Boots
3875,Plans: Golden Scale Boots
3889,Russet Hat
3890,Studded Hat
3914,Journeyman's Backpack
3927,Fine Aged Cheddar
3928,Superior Healing Potion
3931,Poisoned Spider Fang
3936,Crochet Belt
3937,Crochet Boots
3938,Crochet Bracers
3939,Crochet Cloak
3940,Crochet Gloves
3941,Crochet Pants
3942,Crochet Shoulderpads
3943,Crochet Vest
3944,Twill Belt
3945,Twill Boots
3947,Twill Cloak
3948,Twill Gloves
3949,Twill Pants
3950,Twill Shoulderpads
3951,Twill Vest
3961,Thick Leather Belt
3962,Thick Leather Boots
3963,Thick Leather Bracers
3964,Thick Cloak
3965,Thick Leather Gloves
3966,Thick Leather Pants
3967,Thick Leather Shoulderpads
3968,Thick Leather Tunic
3975,Smooth Leather Shoulderpads
3976,Smooth Leather Armor
3986,Protective Pavise
3987,Deflecting Tower
3989,Blocking Targe
3990,Crested Buckler
3993,Laminated Scale Boots
3994,Laminated Scale Bracers
3995,Laminated Scale Cloak
3997,Laminated Scale Pants
3998,Laminated Scale Shoulderpads
3999,Laminated Scale Armor
4001,Overlinked Chain Boots
4002,Overlinked Chain Bracers
4003,Overlinked Chain Cloak
4004,Overlinked Chain Gloves
4005,Overlinked Chain Pants
4006,Overlinked Chain Shoulderpads
4007,Overlinked Chain Armor
4017,Sharp Shortsword
4018,Whetted Claymore
4019,Heavy Flint Axe
4020,Splintering Battle Axe
4021,Blunting Mace
4022,Crushing Maul
4023,Fine Pointed Dagger
4024,Heavy War Staff
4025,Balanced Long Bow
4026,Sentinel Musket
4035,Silver-thread Robe
4036,Silver-thread Cuffs
4037,Silver-thread Pants
4038,Nightsky Robe
4039,Nightsky Cowl
4040,Nightsky Gloves
4041,Aurora Cowl
4042,Aurora Gloves
4043,Aurora Bracers
4044,Aurora Pants
4045,Mistscape Bracers
4046,Mistscape Pants
4047,Mistscape Boots
4048,Emblazoned Hat
4049,Emblazoned Bracers
4050,Emblazoned Leggings
4051,Emblazoned Boots
4052,Insignia Cap
4054,Insignia Leggings
4055,Insignia Boots
4056,Cortello's Riddle
4057,Insignia Chestguard
4058,Glyphed Breastplate
4059,Glyphed Bracers
4060,Glyphed Leggings
4061,Imperial Leather Bracers
4062,Imperial Leather Pants
4063,Imperial Leather Gloves
4064,Emblazoned Buckler
4065,Combat Shield
4066,Insignia Buckler
4067,Glyphed Buckler
4068,Chief Brigadier Shield
4069,Blackforge Buckler
4070,Jouster's Crest
4071,Glimmering Mail Breastplate
4072,Glimmering Mail Gauntlets
4073,Glimmering Mail Greaves
4074,Mail Combat Armor
4075,Mail Combat Gauntlets
4076,Mail Combat Boots
4077,Mail Combat Headguard
4078,Chief Brigadier Coif
4079,Chief Brigadier Leggings
4080,Blackforge Cowl
4082,Blackforge Breastplate
4083,Blackforge Gauntlets
4084,Blackforge Leggings
4087,Trueshot Bow
4088,Dreadblade
4089,Ricochet Blunderbuss
4090,Mug O' Hurt
4091,Widowmaker
4092,Prismatic Basilisk Scale
4093,Large Basilisk Tail
4096,Coarse Gorilla Hair
4098,Carefully Folded Note
4099,Tuft of Gorilla Hair
4100,Crumpled Note
4231,Cured Light Hide
4232,Medium Hide
4233,Cured Medium Hide
4234,Heavy Leather
4235,Heavy Hide
4236,Cured Heavy Hide
4237,Handstitched Leather Belt
4238,Linen Bag
4239,Embossed Leather Gloves
4240,Woolen Bag
4241,Green Woolen Bag
4242,Embossed Leather Pants
4243,Fine Leather Tunic
4244,Hillman's Leather Vest
4245,Small Silk Pack
4246,Fine Leather Belt
4247,Hillman's Leather Gloves
4248,Dark Leather Gloves
4249,Dark Leather Belt
4250,Hillman's Belt
4251,Hillman's Shoulders
4252,Dark Leather Shoulders
4253,Toughened Leather Gloves
4254,Barbaric Gloves
4255,Green Leather Armor
4257,Green Leather Belt
4258,Guardian Belt
4259,Green Leather Bracers
4260,Guardian Leather Bracers
4261,Solliden's Trousers
4262,Gem-studded Leather Belt
4263,Standard Issue Shield
4264,Barbaric Belt
4265,Heavy Armor Kit
4278,Lesser Bloodstone Ore
4289,Salt
4291,Silken Thread
4292,Pattern: Green Woolen Bag
4293,Pattern: Hillman's Leather Vest
4294,Pattern: Hillman's Belt
4296,Pattern: Dark Leather Shoulders
4297,Pattern: Barbaric Gloves
4298,Pattern: Guardian Belt
4299,Pattern: Guardian Armor
4300,Pattern: Guardian Leather Bracers
4301,Pattern: Barbaric Belt
4302,Small Green Dagger
4303,Cranial Thumper
4304,Thick Leather
4305,Bolt of Silk Cloth
4306,Silk Cloth
4307,Heavy Linen Gloves
4308,Green Linen Bracers
4309,Handstitched Linen Britches
4310,Heavy Woolen Gloves
4311,Heavy Woolen Cloak
4312,Soft-soled Linen Boots
4313,Red Woolen Boots
4314,Double-stitched Woolen Shoulders
4315,Reinforced Woolen Shoulders
4316,Heavy Woolen Pants
4317,Phoenix Pants
4318,Gloves of Meditation
4319,Azure Silk Gloves
4320,Spidersilk Boots
4321,Spider Silk Slippers
4322,Enchanter's Cowl
4323,Shadow Hood
4324,Azure Silk Vest
4325,Boots of the Enchanter
4326,Long Silken Cloak
4327,Icy Cloak
4328,Spider Belt
4329,Star Belt
4330,Stylish Red Shirt
4331,Phoenix Gloves
4332,Bright Yellow Shirt
4333,Dark Silk Shirt
4334,Formal White Shirt
4335,Rich Purple Silk Shirt
4336,Black Swashbuckler's Shirt
4337,Thick Spider's Silk
4338,Mageweave Cloth
4339,Bolt of Mageweave
4340,Gray Dye
4341,Yellow Dye
4342,Purple Dye
4343,Brown Linen Pants
4344,Brown Linen Shirt
4345,Pattern: Red Woolen Boots
4346,Pattern: Heavy Woolen Cloak
4347,Pattern: Reinforced Woolen Shoulders
4348,Pattern: Phoenix Gloves
4349,Pattern: Phoenix Pants
4350,Pattern: Spider Silk Slippers
4351,Pattern: Shadow Hood
4352,Pattern: Boots of the Enchanter
4353,Pattern: Spider Belt
4354,Pattern: Rich Purple Silk Shirt
4355,Pattern: Icy Cloak
4356,Pattern: Star Belt
4357,Rough Blasting Powder
4358,Rough Dynamite
4359,Handful of Copper Bolts
4360,Rough Copper Bomb
4361,Copper Tube
4362,Rough Boomstick
4363,Copper Modulator
4364,Coarse Blasting Powder
4365,Coarse Dynamite
4366,Target Dummy
4367,Small Seaforium Charge
4368,Flying Tiger Goggles
4369,Deadly Blunderbuss
4370,Large Copper Bomb
4371,Bronze Tube
4372,Lovingly Crafted Boomstick
4373,Shadow Goggles
4374,Small Bronze Bomb
4375,Whirring Bronze Gizmo
4377,Heavy Blasting Powder
4378,Heavy Dynamite
4379,Silver-plated Shotgun
4380,Big Bronze Bomb
4381,Minor Recombobulator
4382,Bronze Framework
4383,Moonsight Rifle
4384,Explosive Sheep
4385,Green Tinted Goggles
4386,Ice Deflector
4387,Iron Strut
4388,Discombobulator Ray
4389,Gyrochronatom
4390,Iron Grenade
4391,Compact Harvest Reaper Kit
4392,Advanced Target Dummy
4393,Craftsman's Monocle
4394,Big Iron Bomb
4395,Goblin Land Mine
4396,Mechanical Dragonling
4397,Gnomish Cloaking Device
4398,Large Seaforium Charge
4399,Wooden Stock
4400,Heavy Stock
4401,Mechanical Squirrel Box
4402,Small Flame Sac
4403,Portable Bronze Mortar
4404,Silver Contact
4405,Crude Scope
4406,Standard Scope
4407,Accurate Scope
4408,Schematic: Mechanical Squirrel
4409,Schematic: Small Seaforium Charge
4410,Schematic: Shadow Goggles
4411,Schematic: Flame Deflector
4412,Schematic: Moonsight Rifle
4413,Schematic: Discombobulator Ray
4414,Schematic: Portable Bronze Mortar
4415,Schematic: Craftsman's Monocle
4416,Schematic: Goblin Land Mine
4417,Schematic: Large Seaforium Charge
4419,Scroll of Intellect III
4421,Scroll of Protection III
4422,Scroll of Stamina III
4424,Scroll of Spirit III
4425,Scroll of Agility III
4426,Scroll of Strength III
4428,Spider Palp
4436,Jewel-encrusted Sash
4437,Channeler's Staff
4438,Pugilist Bracers
4439,Bruiser Club
4444,Black Husk Shield
4445,Flesh Carver
4446,Blackvenom Blade
4447,Cloak of Night
4448,Husk of Naraxis
4449,Naraxis' Fang
4455,Raptor Hide Harness
4457,Barbecued Buzzard Wing
4460,Ripped Wing Webbing
4461,Raptor Hide
4463,Beaded Raptor Collar
4470,Simple Wood
4471,Flint and Tinder
4476,Beastwalker Robe
4478,Iridescent Scale Leggings
4479,Burning Charm
4480,Thundering Charm
4481,Cresting Charm
4496,Small Brown Pouch
4497,Heavy Brown Bag
4498,Brown Leather Satchel
4499,Huge Brown Sack
4500,Traveler's Backpack
4536,Shiny Red Apple
4537,Tel'Abim Banana
4538,Snapvine Watermelon
4539,Goldenbark Apple
4540,Tough Hunk of Bread
4541,Freshly Baked Bread
4542,Moist Cornbread
4544,Mulgore Spice Bread
4552,Smooth Stone Chip
4553,Jagged Piece of Stone
4554,Shiny Polished Stone
4555,Thick Scaly Tail
4556,Speckled Shell Fragment
4557,Fiery Gland
4558,Empty Barrel
4560,Fine Scimitar
4561,Scalping Tomahawk
4562,Severing Axe
4563,Billy Club
4564,Spiked Club
4565,Simple Dagger
4566,Sturdy Quarterstaff
4567,Merc Sword
4568,Grunt Axe
4569,Staunch Hammer
4570,Birchwood Maul
4571,War Knife
4575,Medicine Staff
4576,Light Bow
4577,Compact Shotgun
4582,Soft Bushy Tail
4583,Thick Furry Mane
4584,Large Trophy Paw
4585,Dripping Spider Mandible
4586,Smooth Raptor Skin
4587,Tribal Raptor Feathers
4588,Pristine Raptor Skull
4589,Long Elegant Feather
4592,Longjaw Mud Snapper
4593,Bristle Whisker Catfish
4594,Rockscale Cod
4595,Junglevine Wine
4596,Discolored Healing Potion
4597,Recipe: Discolored Healing Potion
4599,Cured Ham Steak
4600,Cherry Grog
4601,Soft Banana Bread
4602,Moon Harvest Pumpkin
4603,Raw Spotted Yellowtail
4604,Forest Mushroom Cap
4605,Red-speckled Mushroom
4606,Spongy Morel
4607,Delicious Cave Mold
4608,Raw Black Truffle
4609,Recipe: Barbecued Buzzard Wing
4611,Blue Pearl
4623,Lesser Stoneshield Potion
4624,Recipe: Lesser Stoneshield Potion
4625,Firebloom
4639,Enchanted Sea Kelp
4655,Giant Clam Meat
4658,Warrior's Cloak
4659,Warrior's Girdle
4660,Walking Boots
4661,Bright Mantle
4662,Journeyman's Cloak
4663,Journeyman's Belt
4665,Burnt Cloak
4666,Burnt Leather Belt
4668,Battle Chain Cloak
4669,Battle Chain Girdle
4671,Ancestral Cloak
4672,Ancestral Belt
4674,Tribal Cloak
4675,Tribal Belt
4676,Skeletal Gauntlets
4677,Veteran Cloak
4678,Veteran Girdle
4680,Brackwater Cloak
4681,Brackwater Girdle
4683,Spellbinder Cloak
4684,Spellbinder Belt
4686,Barbaric Cloth Cloak
4687,Barbaric Cloth Belt
4689,Hunting Cloak
4690,Hunting Belt
4692,Ceremonial Cloak
4693,Ceremonial Leather Belt
4694,Burnished Pauldrons
4695,Burnished Cloak
4696,Lapidis Tankard of Tidesippe
4697,Burnished Girdle
4698,Seer's Mantle
4699,Seer's Belt
4700,Inscribed Leather Spaulders
4701,Inscribed Cloak
4705,Lambent Scale Pauldrons
4706,Lambent Scale Cloak
4707,Lambent Scale Girdle
4708,Bright Belt
4709,Forest Leather Mantle
4710,Forest Cloak
4711,Glimmering Cloak
4712,Glimmering Mail Girdle
4713,Silver-thread Cloak
4714,Silver-thread Sash
4715,Emblazoned Cloak
4716,Combat Cloak
4717,Mail Combat Belt
4718,Nightsky Mantle
4719,Nightsky Cloak
4720,Nightsky Sash
4721,Insignia Mantle
4722,Insignia Cloak
4723,Humbert's Pants
4724,Humbert's Helm
4725,Chief Brigadier Pauldrons
4726,Chief Brigadier Cloak
4727,Chief Brigadier Girdle
4729,Aurora Mantle
4731,Glyphed Epaulets
4732,Glyphed Cloak
4733,Blackforge Pauldrons
4734,Mistscape Mantle
4735,Mistscape Cloak
4736,Mistscape Sash
4737,Imperial Leather Spaulders
4738,Imperial Leather Belt
4765,Enamelled Broadsword
4766,Feral Blade
4768,Adept's Gloves
4771,Harvest Cloak
4772,Warm Cloak
4775,Cracked Bill
4776,Ruffled Feather
4777,Ironwood Maul
4778,Heavy Spiked Mace
4781,Whispering Vest
4782,Solstice Robe
4784,Lifeless Stone
4785,Brimstone Belt
4786,Wise Man's Belt
4787,Burning Pitch
4788,Agile Boots
4789,Stable Boots
4790,Inferno Cloak
4791,Enchanted Water
4792,Spirit Cloak
4793,Sylvan Cloak
4794,Wolf Bracers
4795,Bear Bracers
4796,Owl Bracers
4797,Fiery Cloak
4798,Heavy Runed Cloak
4799,Antiquated Cloak
4800,Mighty Chain Pants
4810,Boulder Pads
4813,Small Leather Collar
4814,Discolored Fang
4816,Legionnaire's Leggings
4817,Blessed Claymore
4818,Executioner's Sword
4820,Guardian Buckler
4821,Bear Buckler
4822,Owl's Disk
4824,Blurred Axe
4825,Callous Axe
4826,Marauder Axe
4827,Wizard's Belt
4828,Nightwind Belt
4829,Dreamer's Belt
4830,Saber Leggings
4831,Stalking Pants
4832,Mystic Sarong
4833,Glorious Shoulders
4835,Elite Shoulders
4836,Fireproof Orb
4837,Strength of Will
4838,Orb of Power
4852,Flash Bomb
4861,Sleek Feathered Tunic
4865,Ruined Pelt
4867,Broken Scorpid Leg
4872,Dry Scorpid Eye
4875,Slimy Bone
4876,Bloody Leather Boot
4877,Stone Arrowhead
4878,Broken Bloodstained Bow
4882,Benedict's Key
4951,Squealer's Belt
4960,Flash Pellet
4998,Blood Ring
4999,Azora's Will
5001,Heart Ring
5002,Glowing Green Talisman
5003,Crystal Starfire Medallion
5007,Band of Thorns
5009,Mindbender Loop
5011,Welken Ring
5020,Kolkar Booty Key
5028,Lord Sakrasis' Scepter
5029,Talisman of the Naga Lord
5042,Red Ribboned Wrapping Paper
5048,Blue Ribboned Wrapping Paper
5051,Dig Rat
5052,Unconscious Dig Rat
5066,Fissure Plant
5069,Fire Wand
5071,Shadow Wand
5075,Blood Shard
5079,Cold Basilisk Eye
5081,Kodo Hide Bag
5082,Thin Kodo Leather
5083,Pattern: Kodo Hide Bag
5095,Rainbow Fin Albacore
5107,Deckhand's Shirt
5110,Dalaran Wizard's Robe
5111,Rathorian's Cape
5112,Ritual Blade
5113,Mark of the Syndicate
5114,Severed Talon
5115,Broken Wishbone
5116,Long Tail Feather
5117,Vibrant Plume
5119,Fine Loose Hair
5120,Long Tail Hair
5121,Dirty Kodo Scale
5123,Steel Arrowhead
5124,Small Raptor Tooth
5125,Charged Scale
5128,Shed Lizard Skin
5133,Seeping Gizzard
5134,Small Furry Paw
5135,Thin Black Claw
5136,Torn Furry Ear
5137,Bright Eyeball
5140,Flash Powder
5173,Deathweed
5180,Necklace of Harmony
5181,Vibrant Silk Cape
5182,Shiver Blade
5183,Pulsating Hydra Heart
5206,Bogling Root
5207,Opaque Wand
5208,Smoldering Wand
5209,Gloom Wand
5211,Dusk Wand
5212,Blazing Wand
5213,Scorching Wand
5214,Wand of Eventide
5215,Ember Wand
5216,Umbral Wand
5237,Mind-numbing Poison
5245,Summoner's Wand
5256,Kovork's Rattle
5257,Dark Hooded Cape
5263,Pocket Lint
5266,Eye of Adaegus
5267,Scarlet Kris
5268,Cracked Silithid Shell
5269,Silithid Ichor
5329,Cat Figurine
5342,Raptor Punch
5361,Fishbone Toothpick
5373,Lucky Charm
5374,Small Pocket Watch
5422,Brambleweed Leggings
5423,Boahn's Fang
5425,Runescale Girdle
5426,Serpent's Kiss
5428,An Exotic Cookbook
5439,Small Quiver
5441,Small Shot Pouch
5448,Fractured Elemental Bracer
5465,Small Spider Leg
5466,Scorpid Stinger
5467,Kodo Meat
5468,Soft Frenzy Flesh
5469,Strider Meat
5470,Thunder Lizard Tail
5471,Stag Meat
5472,Kaldorei Spider Kabob
5473,Scorpid Surprise
5474,Roasted Kodo Meat
5477,Strider Stew
5478,Dig Rat Stew
5479,Crispy Lizard Tail
5480,Lean Venison
5482,Recipe: Kaldorei Spider Kabob
5483,Recipe: Scorpid Surprise
5484,Recipe: Roasted Kodo Meat
5485,Recipe: Fillet of Frenzy
5486,Recipe: Strider Stew
5487,Recipe: Dig Rat Stew
5488,Recipe: Crispy Lizard Tail
5489,Recipe: Lean Venison
5498,Small Lustrous Pearl
5500,Iridescent Pearl
5503,Clam Meat
5504,Tangy Clam Meat
5507,Ornate Spyglass
5516,Threshadon Fang
5525,Boiled Clams
5527,Goblin Deviled Clams
5528,Recipe: Clam Chowder
5530,Blinding Powder
5540,Pearl-handled Dagger
5541,Iridescent Hammer
5542,Pearl-clasped Cloak
5543,Plans: Iridescent Hammer
5565,Infernal Stone
5566,Broken Antler
5567,Silver Hook
5568,Smooth Pebble
5569,Seaweed
5571,Small Black Pouch
5572,Small Green Pouch
5573,Green Leather Bag
5574,White Leather Bag
5575,Large Green Sack
5576,Large Brown Sack
5578,Plans: Silvered Bronze Breastplate
5601,Hatched Egg Sac
5602,Sticky Spider Webbing
5608,Living Cowl
5616,Gutwrencher
5624,Circlet of the Order
5631,Rage Potion
5633,Great Rage Potion
5634,Free Action Potion
5635,Sharp Claw
5636,Delicate Feather
5637,Large Fang
5640,Recipe: Rage Potion
5642,Recipe: Free Action Potion
5643,Recipe: Great Rage Potion
5739,Barbaric Harness
5740,Red Fireworks Rocket
5741,Rock Chip
5750,Warchief's Girdle
5751,Webwing Cloak
5752,Wyvern Tailspike
5754,Wolfpack Medallion
5755,Onyx Shredder Plate
5756,Sliverblade
5762,Red Linen Bag
5763,Red Woolen Bag
5764,Green Silk Pack
5765,Black Silk Pack
5766,Lesser Wizard's Robe
5770,Robes of Arcana
5771,Pattern: Red Linen Bag
5772,Pattern: Red Woolen Bag
5773,Pattern: Robes of Arcana
5774,Pattern: Green Silk Pack
5775,Pattern: Black Silk Pack
5780,Murloc Scale Belt
5781,Murloc Scale Breastplate
5782,Thick Murloc Armor
5783,Murloc Scale Bracers
5784,Slimy Murloc Scale
5785,Thick Murloc Scale
5786,Pattern: Murloc Scale Belt
5787,Pattern: Murloc Scale Breastplate
5788,Pattern: Thick Murloc Armor
5789,Pattern: Murloc Scale Bracers
5819,Sunblaze Coif
5829,Razor-sharp Beak
5833,Indurium Ore
5871,Large Hoof
5956,Blacksmith Hammer
5957,Handstitched Leather Vest
5958,Fine Leather Pants
5961,Dark Leather Pants
5962,Guardian Pants
5963,Barbaric Leggings
5964,Barbaric Shoulders
5965,Guardian Cloak
5966,Guardian Gloves
5967,Girdle of Nobility
5969,Regent's Cloak
5972,Pattern: Fine Leather Pants
5973,Pattern: Barbaric Leggings
5974,Pattern: Guardian Cloak
5975,Ruffian Belt
5976,Guild Tabard
5996,Elixir of Water Breathing
5997,Elixir of Minor Defense
6037,Truesilver Bar
6038,Giant Clam Scorcho
6039,Recipe: Giant Clam Scorcho
6040,Golden Scale Bracers
6041,Steel Weapon Chain
6042,Iron Shield Spike
6043,Iron Counterweight
6044,Plans: Iron Shield Spike
6045,Plans: Iron Counterweight
6046,Plans: Steel Weapon Chain
6047,Plans: Golden Scale Coif
6048,Shadow Protection Potion
6049,Fire Protection Potion
6050,Frost Protection Potion
6051,Holy Protection Potion
6052,Nature Protection Potion
6053,Recipe: Holy Protection Potion
6054,Recipe: Shadow Protection Potion
6055,Recipe: Fire Protection Potion
6056,Recipe: Frost Protection Potion
6057,Recipe: Nature Protection Potion
6068,Recipe: Shadow Oil
6096,Apprentice's Shirt
6097,Acolyte's Shirt
6098,Neophyte's Robe
6124,Novice's Pants
6125,Brawler's Harness
6126,Trapper's Pants
6127,Trapper's Boots
6129,Acolyte's Robe
6134,Primitive Mantle
6135,Primitive Kilt
6136,Thug Shirt
6137,Thug Pants
6138,Thug Boots
6139,Novice's Robe
6144,Neophyte's Robe
6149,Greater Mana Potion
6179,Privateer's Cape
6180,Slarkskin
6198,Jurassic Wristguards
6199,Black Widow Band
6200,Garneg's War Belt
6211,Recipe: Elixir of Ogre's Strength
6214,Heavy Copper Maul
6217,Copper Rod
6219,Arclight Spanner
6238,Brown Linen Robe
6239,Red Linen Vest
6240,Blue Linen Vest
6241,White Linen Robe
6242,Blue Linen Robe
6256,Fishing Pole
6260,Blue Dye
6261,Orange Dye
6263,Blue Overalls
6264,Greater Adept's Robe
6266,Disciple's Vest
6267,Disciple's Pants
6268,Pioneer Tunic
6269,Pioneer Trousers
6270,Pattern: Blue Linen Vest
6271,Pattern: Red Linen Vest
6272,Pattern: Blue Linen Robe
6274,Pattern: Blue Overalls
6275,Pattern: Greater Adept's Robe
6289,Raw Longjaw Mud Snapper
6290,Brilliant Smallfish
6291,Raw Brilliant Smallfish
6292,10 Pound Mud Snapper
6293,Dried Bat Blood
6294,12 Pound Mud Snapper
6295,15 Pound Mud Snapper
6296,Patch of Bat Hair
6299,Sickly Looking Fish
6300,Husk Fragment
6301,Old Teamster's Skull
6302,Delicate Insect Wing
6303,Raw Slitherskin Mackerel
6304,Damp Diary Page (Day 4)
6305,Damp Diary Page (Day 87)
6308,Raw Bristle Whisker Catfish
6309,17 Pound Catfish
6310,19 Pound Catfish
6311,22 Pound Catfish
6325,Recipe: Brilliant Smallfish
6326,Recipe: Slitherskin Mackerel
6327,The Pacifier
6328,Recipe: Longjaw Mud Snapper
6329,Recipe: Loch Frenzy Delight
6330,Recipe: Bristle Whisker Catfish
6331,Howling Blade
6332,Black Pearl Ring
6333,Spikelash Dagger
6336,Infantry Tunic
6337,Infantry Leggings
6338,Silver Rod
6342,Formula: Enchant Chest - Minor Mana
6344,Formula: Enchant Bracer - Minor Spirit
6346,Formula: Enchant Chest - Lesser Mana
6347,Formula: Enchant Bracer - Minor Strength
6348,Formula: Enchant Weapon - Minor Beastslayer
6349,Formula: Enchant 2H Weapon - Lesser Intellect
6350,Rough Bronze Boots
6358,Oily Blackmouth
6359,Firefin Snapper
6360,Steelscale Crushfish
6361,Raw Rainbow Fin Albacore
6362,Raw Rockscale Cod
6363,26 Pound Catfish
6364,32 Pound Catfish
6365,Strong Fishing Pole
6366,Darkwood Fishing Pole
6367,Big Iron Fishing Pole
6368,Recipe: Rainbow Fin Albacore
6369,Recipe: Rockscale Cod
6370,Blackmouth Oil
6371,Fire Oil
6372,Swim Speed Potion
6373,Elixir of Firepower
6375,Formula: Enchant Bracer - Lesser Spirit
6377,Formula: Enchant Boots - Minor Agility
6378,Seer's Cape
6379,Inscribed Leather Belt
6380,Inscribed Buckler
6381,Bright Cloak
6382,Forest Leather Belt
6383,Forest Buckler
6384,Stylish Blue Shirt
6385,Stylish Green Shirt
6386,Glimmering Mail Legguards
6387,Glimmering Mail Bracers
6388,Glimmering Mail Pauldrons
6389,Glimmering Mail Coif
6390,Pattern: Stylish Blue Shirt
6391,Pattern: Stylish Green Shirt
6393,Silver-thread Gloves
6394,Silver-thread Boots
6395,Silver-thread Amice
6396,Emblazoned Chestpiece
6397,Emblazoned Gloves
6398,Emblazoned Belt
6399,Emblazoned Shoulders
6400,Glimmering Shield
6401,Pattern: Dark Silk Shirt
6402,Mail Combat Leggings
6403,Mail Combat Armguards
6404,Mail Combat Spaulders
6405,Nightsky Trousers
6406,Nightsky Boots
6407,Nightsky Wristbands
6408,Insignia Gloves
6409,Insignia Belt
6410,Insignia Bracers
6411,Chief Brigadier Armor
6412,Chief Brigadier Boots
6413,Chief Brigadier Bracers
6415,Aurora Robe
6416,Aurora Boots
6417,Aurora Cloak
6418,Aurora Sash
6419,Glyphed Mitts
6420,Glyphed Boots
6421,Glyphed Belt
6422,Glyphed Helm
6423,Blackforge Greaves
6424,Blackforge Cape
6425,Blackforge Girdle
6426,Blackforge Bracers
6427,Mistscape Robe
6428,Mistscape Gloves
6429,Mistscape Wizard Hat
6430,Imperial Leather Breastplate
6431,Imperial Leather Boots
6432,Imperial Cloak
6433,Imperial Leather Helm
6444,Forked Tongue
6445,Brittle Molting
6450,Silk Bandage
6451,Heavy Silk Bandage
6452,Anti-Venom
6453,Strong Anti-Venom
6454,Manual: Strong Anti-Venom
6458,Oil Covered Fish
6466,Deviate Scale Cloak
6467,Deviate Scale Gloves
6468,Deviate Scale Belt
6470,Deviate Scale
6471,Perfect Deviate Scale
6474,Pattern: Deviate Scale Cloak
6475,Pattern: Deviate Scale Gloves
6476,Pattern: Deviate Scale Belt
6506,Infantry Boots
6507,Infantry Bracers
6508,Infantry Cloak
6509,Infantry Belt
6510,Infantry Gauntlets
6511,Journeyman's Robe
6512,Disciple's Robe
6513,Disciple's Sash
6514,Disciple's Cloak
6515,Disciple's Gloves
6517,Pioneer Belt
6518,Pioneer Boots
6519,Pioneer Bracers
6520,Pioneer Cloak
6521,Pioneer Gloves
6522,Deviate Fish
6527,Ancestral Robe
6528,Spellbinder Robe
6529,Shiny Bauble
6530,Nightcrawlers
6531,Barbaric Cloth Robe
6532,Bright Baubles
6533,Aquadynamic Fish Attractor
6536,Willow Vest
6537,Willow Boots
6538,Willow Robe
6539,Willow Belt
6540,Willow Pants
6541,Willow Gloves
6542,Willow Cape
6543,Willow Bracers
6545,Soldier's Armor
6546,Soldier's Leggings
6547,Soldier's Gauntlets
6548,Soldier's Girdle
6549,Soldier's Cloak
6550,Soldier's Wristguards
6551,Soldier's Boots
6552,Bard's Tunic
6553,Bard's Trousers
6554,Bard's Gloves
6555,Bard's Cloak
6556,Bard's Bracers
6557,Bard's Boots
6558,Bard's Belt
6559,Bard's Buckler
6560,Soldier's Shield
6561,Seer's Padded Armor
6562,Shimmering Boots
6563,Shimmering Bracers
6564,Shimmering Cloak
6565,Shimmering Gloves
6566,Shimmering Amice
6567,Shimmering Armor
6568,Shimmering Trousers
6569,Shimmering Robe
6570,Shimmering Sash
6571,Scouting Buckler
6572,Defender Shield
6573,Defender Boots
6574,Defender Bracers
6575,Defender Cloak
6576,Defender Girdle
6577,Defender Gauntlets
6578,Defender Leggings
6579,Defender Spaulders
6580,Defender Tunic
6581,Scouting Belt
6582,Scouting Boots
6583,Scouting Bracers
6584,Scouting Tunic
6585,Scouting Cloak
6586,Scouting Gloves
6587,Scouting Trousers
6588,Scouting Spaulders
6590,Battleforge Boots
6591,Battleforge Wristguards
6592,Battleforge Armor
6593,Battleforge Cloak
6594,Battleforge Girdle
6595,Battleforge Gauntlets
6596,Battleforge Legguards
6597,Battleforge Shoulderguards
6598,Dervish Buckler
6599,Battleforge Shield
6600,Dervish Belt
6601,Dervish Boots
6602,Dervish Bracers
6603,Dervish Tunic
6604,Dervish Cape
6605,Dervish Gloves
6607,Dervish Leggings
6608,Bright Armor
6609,Sage's Cloth
6610,Sage's Robe
6611,Sage's Sash
6612,Sage's Boots
6613,Sage's Bracers
6614,Sage's Cloak
6615,Sage's Gloves
6616,Sage's Pants
6617,Sage's Mantle
6622,Sword of Zeal
6628,Raven's Claws
6657,Savory Deviate Delight
6660,Julie's Dagger
6661,Recipe: Savory Deviate Delight
6662,Elixir of Giant Growth
6663,Recipe: Elixir of Giant Growth
6672,Schematic: Flash Bomb
6709,Moonglow Vest
6712,Practice Lock
6714,Ez-Thro Dynamite
6716,Schematic: EZ-Thro Dynamite
6786,Simple Dress
6787,White Woolen Dress
6795,White Swashbuckler's Shirt
6796,Red Swashbuckler's Shirt
6807,Frog Leg Stew
6826,Brilliant Scale
6833,White Tuxedo Shirt
6835,Black Tuxedo Pants
6836,Dress Shoes
6887,Spotted Yellowtail
6888,Herb Baked Egg
6889,Small Egg
6890,Smoked Bear Meat
6892,Recipe: Smoked Bear Meat
6947,Instant Poison
6949,Instant Poison II
6950,Instant Poison III
6951,Mind-numbing Poison II
6986,Crimson Lotus
7005,Skinning Knife
7026,Linen Belt
7046,Azure Silk Pants
7047,Hands of Darkness
7048,Azure Silk Hood
7049,Truefaith Gloves
7050,Silk Headband
7051,Earthen Vest
7052,Azure Silk Belt
7053,Azure Silk Cloak
7055,Crimson Silk Belt
7056,Crimson Silk Cloak
7057,Green Silken Shoulders
7058,Crimson Silk Vest
7059,Crimson Silk Shoulders
7060,Azure Shoulders
7061,Earthen Silk Belt
7062,Crimson Silk Pantaloons
7063,Crimson Silk Robe
7064,Crimson Silk Gloves
7065,Green Silk Armor
7067,Elemental Earth
7068,Elemental Fire
7069,Elemental Air
7070,Elemental Water
7071,Iron Buckle
7072,Naga Scale
7073,Broken Fang
7074,Chipped Claw
7075,Core of Earth
7076,Essence of Earth
7077,Heart of Fire
7078,Essence of Fire
7079,Globe of Water
7080,Essence of Water
7081,Breath of Wind
7082,Essence of Air
7084,Pattern: Crimson Silk Shoulders
7085,Pattern: Azure Shoulders
7086,Pattern: Earthen Silk Belt
7087,Pattern: Crimson Silk Cloak
7088,Pattern: Crimson Silk Robe
7089,Pattern: Azure Silk Cloak
7090,Pattern: Green Silk Armor
7091,Pattern: Truefaith Gloves
7092,Pattern: Hands of Darkness
7097,Leg Meat
7099,Severed Pincer
7108,Infantry Shield
7109,Pioneer Buckler
7110,Silver-thread Armor
7111,Nightsky Armor
7112,Aurora Armor
7113,Mistscape Armor
7114,Pattern: Azure Silk Gloves
7148,Goblin Jumper Cables
7166,Copper Dagger
7189,Goblin Rocket Boots
7191,Fused Wiring
7228,Tigule's Strawberry Ice Cream
7276,Handstitched Leather Cloak
7277,Handstitched Leather Bracers
7278,Light Leather Quiver
7279,Small Leather Ammo Pouch
7280,Rugged Leather Pants
7281,Light Leather Bracers
7282,Light Leather Pants
7284,Red Whelp Gloves
7285,Nimble Leather Gloves
7286,Black Whelp Scale
7287,Red Whelp Scale
7288,Pattern: Rugged Leather Pants
7289,Pattern: Black Whelp Cloak
7290,Pattern: Red Whelp Gloves
7330,Infiltrator Buckler
7331,Phalanx Shield
7332,Regal Armor
7338,Mood Ring
7348,Fletcher's Gloves
7349,Herbalist's Gloves
7350,Disciple's Bracers
7351,Disciple's Boots
7352,Earthen Leather Shoulders
7353,Elder's Padded Armor
7354,Elder's Boots
7355,Elder's Bracers
7356,Elder's Cloak
7357,Elder's Hat
7358,Pilferer's Gloves
7359,Heavy Earthen Gloves
7360,Pattern: Dark Leather Gloves
7361,Pattern: Herbalist's Gloves
7362,Pattern: Earthen Leather Shoulders
7363,Pattern: Pilferer's Gloves
7364,Pattern: Heavy Earthen Gloves
7366,Elder's Gloves
7367,Elder's Mantle
7368,Elder's Pants
7369,Elder's Robe
7370,Elder's Sash
7371,Heavy Quiver
7372,Heavy Leather Ammo Pouch
7373,Dusky Leather Leggings
7374,Dusky Leather Armor
7375,Green Whelp Armor
7377,Frost Leather Cloak
7378,Dusky Bracers
7386,Green Whelp Bracers
7387,Dusky Belt
7390,Dusky Boots
7391,Swift Boots
7392,Green Whelp Scale
7406,Infiltrator Cord
7407,Infiltrator Armor
7408,Infiltrator Shoulders
7409,Infiltrator Boots
7410,Infiltrator Bracers
7411,Infiltrator Cloak
7412,Infiltrator Gloves
7413,Infiltrator Cap
7414,Infiltrator Pants
7415,Dervish Spaulders
7416,Phalanx Bracers
7417,Phalanx Boots
7418,Phalanx Breastplate
7419,Phalanx Cloak
7420,Phalanx Headguard
7421,Phalanx Gauntlets
7422,Phalanx Girdle
7423,Phalanx Leggings
7424,Phalanx Spaulders
7428,Shadowcat Hide
7429,Twilight Armor
7430,Twilight Robe
7431,Twilight Pants
7432,Twilight Cowl
7433,Twilight Gloves
7434,Twilight Boots
7435,Twilight Mantle
7436,Twilight Cape
7437,Twilight Cuffs
7438,Twilight Belt
7439,Sentinel Breastplate
7440,Sentinel Trousers
7441,Sentinel Cap
7443,Sentinel Gloves
7444,Sentinel Boots
7445,Sentinel Shoulders
7446,Sentinel Cloak
7447,Sentinel Bracers
7448,Sentinel Girdle
7449,Pattern: Dusky Leather Leggings
7450,Pattern: Green Whelp Armor
7451,Pattern: Green Whelp Bracers
7452,Pattern: Dusky Boots
7453,Pattern: Swift Boots
7454,Knight's Breastplate
7455,Knight's Legguards
7456,Knight's Headguard
7457,Knight's Gauntlets
7458,Knight's Boots
7459,Knight's Pauldrons
7460,Knight's Cloak
7461,Knight's Bracers
7462,Knight's Girdle
7463,Sentinel Buckler
7465,Knight's Crest
7468,Regal Robe
7469,Regal Leggings
7470,Regal Wizard Hat
7471,Regal Gloves
7472,Regal Boots
7473,Regal Mantle
7474,Regal Cloak
7475,Regal Cuffs
7476,Regal Sash
7477,Ranger Tunic
7478,Ranger Leggings
7479,Ranger Helm
7480,Ranger Gloves
7481,Ranger Boots
7482,Ranger Shoulders
7483,Ranger Cloak
7484,Ranger Wristguards
7485,Ranger Cord
7486,Captain's Breastplate
7487,Captain's Leggings
7488,Captain's Circlet
7489,Captain's Gauntlets
7490,Captain's Boots
7491,Captain's Shoulderguards
7492,Captain's Cloak
7493,Captain's Bracers
7494,Captain's Waistguard
7495,Captain's Buckler
7496,Field Plate Shield
7506,Gnomish Universal Remote
7517,Gossamer Tunic
7518,Gossamer Robe
7519,Gossamer Pants
7520,Gossamer Headpiece
7521,Gossamer Gloves
7522,Gossamer Boots
7523,Gossamer Shoulderpads
7524,Gossamer Cape
7525,Gossamer Bracers
7526,Gossamer Belt
7527,Cabalist Chestpiece
7528,Cabalist Leggings
7529,Cabalist Helm
7530,Cabalist Gloves
7531,Cabalist Boots
7532,Cabalist Spaulders
7533,Cabalist Cloak
7534,Cabalist Bracers
7535,Cabalist Belt
7536,Champion's Wall Shield
7537,Gothic Shield
7538,Champion's Armor
7539,Champion's Leggings
7540,Champion's Helmet
7541,Champion's Gauntlets
7542,Champion's Greaves
7543,Champion's Pauldrons
7544,Champion's Cape
7545,Champion's Bracers
7546,Champion's Girdle
7552,Falcon's Hook
7553,Band of the Unicorn
7554,Willow Branch
7555,Regal Star
7556,Twilight Orb
7557,Gossamer Rod
7558,Shimmering Stave
7559,Runic Cane
7560,Schematic: Gnomish Universal Remote
7561,Schematic: Goblin Jumper Cables
7608,Seer's Fine Stein
7609,Elder's Amber Stave
7610,Aurora Sphere
7611,Mistscape Stave
7613,Pattern: Green Leather Armor
7676,Thistle Tea
7727,Watchman Pauldrons
7728,Beguiler Robes
7729,Chesterfall Musket
7730,Cobalt Crusher
7734,Six Demon Bag
7736,Fight Club
7740,Gni'kiv Medallion
7741,The Shaft of Tsol
7742,Schematic: Gnomish Cloaking Device
7752,Dreamslayer
7753,Bloodspiller
7754,Harbinger Boots
7755,Flintrock Shoulders
7757,Windweaver Staff
7758,Ruthless Shiv
7759,Archon Chestpiece
7760,Warchief Kilt
7761,Steelclaw Reaver
7786,Headsplitter
7787,Resplendent Guardian
7806,Lollipop
7808,Chocolate Square
7909,Aquamarine
7910,Star Ruby
7911,Truesilver Ore
7912,Solid Stone
7913,Barbaric Iron Shoulders
7914,Barbaric Iron Breastplate
7915,Barbaric Iron Helm
7916,Barbaric Iron Boots
7917,Barbaric Iron Gloves
7918,Heavy Mithril Shoulder
7919,Heavy Mithril Gauntlet
7920,Mithril Scale Pants
7921,Heavy Mithril Pants
7922,Steel Plate Helm
7924,Mithril Scale Bracers
7926,Ornate Mithril Pants
7927,Ornate Mithril Gloves
7928,Ornate Mithril Shoulder
7929,Orcish War Leggings
7930,Heavy Mithril Breastplate
7931,Mithril Coif
7932,Mithril Scale Shoulders
7933,Heavy Mithril Boots
7934,Heavy Mithril Helm
7935,Ornate Mithril Breastplate
7936,Ornate Mithril Boots
7937,Ornate Mithril Helm
7938,Truesilver Gauntlets
7939,Truesilver Breastplate
7941,Heavy Mithril Axe
7942,Blue Glittering Axe
7944,Dazzling Mithril Rapier
7945,Big Black Mace
7946,Runed Mithril Hammer
7954,The Shatterer
7955,Copper Claymore
7956,Bronze Warhammer
7957,Bronze Greatsword
7958,Bronze Battle Axe
7959,Blight
7960,Truesilver Champion
7961,Phantom Blade
7963,Steel Breastplate
7964,Solid Sharpening Stone
7965,Solid Weightstone
7966,Solid Grinding Stone
7967,Mithril Shield Spike
7969,Mithril Spurs
7971,Black Pearl
7972,Ichor of Undeath
7974,Zesty Clam Meat
7975,Plans: Heavy Mithril Pants
7976,Plans: Mithril Shield Spike
7978,Plans: Barbaric Iron Shoulders
7979,Plans: Barbaric Iron Breastplate
7980,Plans: Barbaric Iron Helm
7981,Plans: Barbaric Iron Boots
7982,Plans: Barbaric Iron Gloves
7989,Plans: Mithril Spurs
7990,Plans: Heavy Mithril Helm
7991,Plans: Mithril Scale Shoulders
7992,Plans: Blue Glittering Axe
7993,Plans: Dazzling Mithril Rapier
7995,Plans: Mithril Scale Bracers
8006,The Ziggler
8028,Plans: Runed Mithril Hammer
8067,Crafted Light Shot
8068,Crafted Heavy Shot
8069,Crafted Solid Shot
8081,Light Plate Belt
8084,Light Plate Gloves
8086,Light Plate Shoulderpads
8106,Hibernal Armor
8107,Hibernal Boots
8108,Hibernal Bracers
8109,Hibernal Cloak
8110,Hibernal Gloves
8111,Hibernal Mantle
8112,Hibernal Pants
8113,Hibernal Robe
8114,Hibernal Sash
8115,Hibernal Cowl
8116,Heraldic Belt
8117,Heraldic Boots
8118,Heraldic Bracers
8119,Heraldic Breastplate
8120,Heraldic Cloak
8121,Heraldic Gloves
8122,Heraldic Headpiece
8123,Heraldic Leggings
8124,Heraldic Spaulders
8125,Myrmidon's Bracers
8126,Myrmidon's Breastplate
8127,Myrmidon's Cape
8128,Myrmidon's Gauntlets
8129,Myrmidon's Girdle
8130,Myrmidon's Greaves
8131,Myrmidon's Helm
8132,Myrmidon's Leggings
8133,Myrmidon's Pauldrons
8134,Myrmidon's Defender
8135,Chromite Shield
8137,Chromite Bracers
8138,Chromite Chestplate
8139,Chromite Gauntlets
8140,Chromite Girdle
8141,Chromite Greaves
8142,Chromite Barbute
8143,Chromite Legplates
8144,Chromite Pauldrons
8146,Wicked Claw
8150,Deeprock Salt
8151,Flask of Mojo
8152,Flask of Big Mojo
8153,Wildvine
8154,Scorpid Scale
8156,Jouster's Wristguards
8157,Jouster's Chestplate
8158,Jouster's Gauntlets
8159,Jouster's Girdle
8160,Jouster's Greaves
8161,Jouster's Visor
8162,Jouster's Legplates
8163,Jouster's Pauldrons
8165,Worn Dragonscale
8167,Turtle Scale
8168,Jet Black Feather
8169,Thick Hide
8170,Rugged Leather
8171,Rugged Hide
8172,Cured Thick Hide
8173,Thick Armor Kit
8174,Comfortable Leather Hat
8175,Nightscape Tunic
8176,Nightscape Headband
8177,Practice Sword
8178,Training Sword
8179,Cadet's Bow
8180,Hunting Bow
8181,Hunting Rifle
8182,Pellet Rifle
8183,Precision Bow
8184,Firestarter
8185,Turtle Scale Leggings
8186,Dire Wand
8187,Turtle Scale Gloves
8188,Explosive Shotgun
8189,Turtle Scale Breastplate
8190,Hanzo Sword
8191,Turtle Scale Helm
8192,Nightscape Shoulders
8193,Nightscape Pants
8194,Goblin Nutcracker
8196,Ebon Scimitar
8197,Nightscape Boots
8198,Turtle Scale Bracers
8199,Battlefield Destroyer
8200,Big Voodoo Robe
8201,Big Voodoo Mask
8202,Big Voodoo Pants
8203,Tough Scorpid Breastplate
8204,Tough Scorpid Gloves
8205,Tough Scorpid Bracers
8206,Tough Scorpid Leggings
8207,Tough Scorpid Shoulders
8208,Tough Scorpid Helm
8209,Tough Scorpid Boots
8210,Wild Leather Shoulders
8211,Wild Leather Vest
8212,Wild Leather Leggings
8213,Wild Leather Boots
8214,Wild Leather Helmet
8215,Wild Leather Cloak
8216,Big Voodoo Cloak
8217,Quickdraw Quiver
8218,Thick Leather Ammo Pouch
8223,Blade of the Basilisk
8224,Silithid Ripper
8225,Tainted Pierce
8226,The Butcher
8244,Flawless Draenethyst Sphere
8245,Imperial Red Tunic
8246,Imperial Red Boots
8247,Imperial Red Bracers
8248,Imperial Red Cloak
8249,Imperial Red Gloves
8250,Imperial Red Mantle
8251,Imperial Red Pants
8252,Imperial Red Robe
8253,Imperial Red Sash
8254,Imperial Red Circlet
8255,Serpentskin Girdle
8256,Serpentskin Boots
8257,Serpentskin Bracers
8258,Serpentskin Armor
8259,Serpentskin Cloak
8260,Serpentskin Gloves
8261,Serpentskin Helm
8262,Serpentskin Leggings
8263,Serpentskin Spaulders
8264,Ebonhold Wristguards
8265,Ebonhold Armor
8266,Ebonhold Cloak
8267,Ebonhold Gauntlets
8268,Ebonhold Girdle
8269,Ebonhold Boots
8270,Ebonhold Helmet
8271,Ebonhold Leggings
8272,Ebonhold Shoulderpads
8273,Valorous Wristguards
8274,Valorous Chestguard
8275,Ebonhold Buckler
8276,Valorous Gauntlets
8277,Valorous Girdle
8278,Valorous Greaves
8279,Valorous Helm
8280,Valorous Legguards
8281,Valorous Pauldrons
8282,Valorous Shield
8283,Arcane Armor
8284,Arcane Boots
8285,Arcane Bands
8286,Arcane Cloak
8287,Arcane Gloves
8288,Arcane Pads
8289,Arcane Leggings
8290,Arcane Robe
8291,Arcane Sash
8292,Arcane Cover
8293,Traveler's Belt
8294,Traveler's Boots
8295,Traveler's Bracers
8296,Traveler's Jerkin
8297,Traveler's Cloak
8298,Traveler's Gloves
8299,Traveler's Helm
8300,Traveler's Leggings
8301,Traveler's Spaulders
8302,Hero's Bracers
8303,Hero's Breastplate
8304,Hero's Cape
8305,Hero's Gauntlets
8306,Hero's Belt
8307,Hero's Boots
8308,Hero's Band
8309,Hero's Leggings
8310,Hero's Pauldrons
8311,Alabaster Plate Vambraces
8312,Alabaster Breastplate
8313,Hero's Buckler
8314,Alabaster Plate Gauntlets
8315,Alabaster Plate Girdle
8316,Alabaster Plate Greaves
8317,Alabaster Plate Helmet
8318,Alabaster Plate Leggings
8319,Alabaster Plate Pauldrons
8320,Alabaster Shield
8343,Heavy Silken Thread
8345,Wolfshead Helm
8346,Gauntlets of the Sea
8347,Dragonscale Gauntlets
8348,Helm of Fire
8349,Feathered Breastplate
8350,The 1 Ring
8364,Mithril Head Trout
8365,Raw Mithril Head Trout
8367,Dragonscale Breastplate
8368,Thick Wolfhide
8384,Pattern: Comfortable Leather Hat
8385,Pattern: Turtle Scale Gloves
8386,Pattern: Big Voodoo Robe
8387,Pattern: Big Voodoo Mask
8389,Pattern: Big Voodoo Pants
8390,Pattern: Big Voodoo Cloak
8391,Snickerfang Jowl
8392,Blasted Boar Lung
8393,Scorpok Pincer
8394,Basilisk Brain
8395,Pattern: Tough Scorpid Breastplate
8396,Vulture Gizzard
8397,Pattern: Tough Scorpid Bracers
8398,Pattern: Tough Scorpid Gloves
8399,Pattern: Tough Scorpid Boots
8400,Pattern: Tough Scorpid Shoulders
8401,Pattern: Tough Scorpid Leggings
8402,Pattern: Tough Scorpid Helm
8409,Pattern: Nightscape Shoulders
8483,Wastewander Water Pouch
8485,Cat Carrier (Bombay)
8486,Cat Carrier (Cornish Rex)
8487,Cat Carrier (Orange Tabby)
8488,Cat Carrier (Silver Tabby)
8489,Cat Carrier (White Kitten)
8490,Cat Carrier (Siamese)
8491,Cat Carrier (Black Tabby)
8492,Parrot Cage (Green Wing Macaw)
8494,Parrot Cage (Hyacinth Macaw)
8495,Parrot Cage (Senegal)
8496,Parrot Cage (Cockatiel)
8497,Rabbit Crate (Snowshoe)
8498,Tiny Emerald Whelpling
8499,Tiny Crimson Whelpling
8500,Great Horned Owl
8501,Hawk Owl
8544,Mageweave Bandage
8545,Heavy Mageweave Bandage
8624,Red Sparkler
8625,White Sparkler
8626,Blue Sparkler
8685,Dran's Ripple Delivery
8746,Interlaced Cowl
8747,Hardened Leather Helm
8748,Double Mail Coif
8749,Crochet Hat
8750,Thick Leather Hat
8751,Overlinked Coif
8752,Laminated Scale Circlet
8754,Twill Cover
8755,Light Plate Helmet
8766,Morning Glory Dew
8827,Elixir of Water Walking
8831,Purple Lotus
8836,Arthas' Tears
8838,Sungrass
8839,Blindweed
8845,Ghost Mushroom
8846,Gromsblood
8923,Essence of Agony
8924,Dust of Deterioration
8925,Crystal Vial
8926,Instant Poison IV
8927,Instant Poison V
8928,Instant Poison VI
8932,Alterac Swiss
8948,Dried King Bolete
8949,Elixir of Agility
8950,Homemade Cherry Pie
8951,Elixir of Greater Defense
8952,Roasted Quail
8953,Deep Fried Plantains
8956,Oil of Immolation
8957,Spinefin Halibut
8959,Raw Spinefin Halibut
8984,Deadly Poison III
8985,Deadly Poison IV
9030,Restorative Potion
9036,Magic Resistance Potion
9060,Inlaid Mithril Cylinder
9061,Goblin Rocket Fuel
9088,Gift of Arthas
9144,Wildvine Potion
9154,Elixir of Detect Undead
9155,Arcane Elixir
9172,Invisibility Potion
9179,Elixir of Greater Intellect
9186,Mind-numbing Poison III
9187,Elixir of Greater Agility
9197,Elixir of Dream Vision
9206,Elixir of Giants
9210,Ghost Dye
9224,Elixir of Demonslaying
9233,Elixir of Detect Demon
9242,Ancient Tablet
9249,Captain's Key
9251,Upper Map Fragment
9252,Lower Map Fragment
9253,Middle Map Fragment
9254,Cuergo's Treasure Map
9260,Volatile Rum
9261,Lead Ore
9262,Black Vitriol
9264,Elixir of Shadow Power
9285,Field Plate Vambraces
9286,Field Plate Armor
9287,Field Plate Gauntlets
9288,Field Plate Girdle
9289,Field Plate Boots
9290,Field Plate Helmet
9291,Field Plate Leggings
9292,Field Plate Pauldrons
9293,Recipe: Magic Resistance Potion
9294,Recipe: Wildvine Potion
9295,Recipe: Invisibility Potion
9296,Recipe: Gift of Arthas
9297,Recipe: Elixir of Dream Vision
9298,Recipe: Elixir of Giants
9300,Recipe: Elixir of Demonslaying
9301,Recipe: Elixir of Shadow Power
9302,Recipe: Ghost Dye
9303,Recipe: Philosopher's Stone
9304,Recipe: Transmute Iron to Gold
9305,Recipe: Transmute Mithril to Truesilver
9308,Grime-Encrusted Object
9313,Green Firework
9314,Red Streaks Firework
9315,Yellow Rose Firework
9317,"Red, White and Blue Firework"
9318,Red Firework
9327,Security DELTA Data Access Card
9333,Tarnished Silver Necklace
9355,Hoop Earring
9356,A Wooden Leg
9357,A Parrot Skeleton
9358,A Head Rag
9359,Southsea Lamp
9360,Cuergo's Gold
9361,Cuergo's Gold with Worm
9375,Expert Goldminer's Helmet
9378,Shovelphlange's Mining Axe
9381,Earthen Rod
9382,Tromping Miner's Boots
9383,Obsidian Cleaver
9384,Stonevault Shiv
9385,Archaic Defender
9386,Excavator's Brand
9391,The Shoveler
9392,Annealed Blade
9393,Beacon of Hope
9395,Gloves of Old
9396,Legguards of the Vault
9397,Energy Cloak
9399,Precision Arrow
9402,Earthborn Kilt
9405,Girdle of Golem Strength
9406,Spirewind Fetter
9420,Adventurer's Pith Helmet
9422,Shadowforge Bushmaster
9423,The Jackhammer
9424,Ginn-su Sword
9425,Pendulum of Doom
9426,Monolithic Bow
9427,Stonevault Bonebreaker
9428,Unearthed Bands
9429,Miner's Hat of the Deep
9430,Spaulders of a Lost Age
9431,Papal Fez
9433,Forgotten Wraps
9434,Elemental Raiment
9435,Reticulated Bone Gauntlets
9451,Bubbling Water
9480,Eyegouger
9481,The Minotaur
9482,Witch Doctor's Cane
9483,Flaming Incinerator
9485,Vibroblade
9486,Supercharger Battle Axe
9487,Hi-tech Supergun
9488,Oscillating Power Hammer
9490,Gizmotron Megachopper
9491,Hotshot Pilot's Gloves
9508,Mechbuilder's Overalls
9509,Petrolspill Leggings
9511,Bloodletter Scalpel
9512,Blackmetal Cape
9681,Grilled King Crawler Legs
9718,Reforged Blade of Heroes
9719,Broken Blade of Heroes
9742,Simple Cord
9743,Simple Shoes
9744,Simple Bands
9745,Simple Cape
9746,Simple Gloves
9747,Simple Britches
9748,Simple Robe
9749,Simple Blouse
9750,Gypsy Sash
9751,Gypsy Sandals
9752,Gypsy Bands
9753,Gypsy Buckler
9754,Gypsy Cloak
9755,Gypsy Gloves
9756,Gypsy Trousers
9757,Gypsy Tunic
9758,Cadet Belt
9759,Cadet Boots
9760,Cadet Bracers
9761,Cadet Cloak
9762,Cadet Gauntlets
9763,Cadet Leggings
9764,Cadet Shield
9765,Cadet Vest
9766,Greenweave Sash
9767,Greenweave Sandals
9768,Greenweave Bracers
9769,Greenweave Branch
9770,Greenweave Cloak
9771,Greenweave Gloves
9772,Greenweave Leggings
9773,Greenweave Robe
9774,Greenweave Vest
9775,Bandit Cinch
9776,Bandit Boots
9777,Bandit Bracers
9778,Bandit Buckler
9779,Bandit Cloak
9780,Bandit Gloves
9781,Bandit Pants
9782,Bandit Jerkin
9783,Raider's Chestpiece
9784,Raider's Boots
9785,Raider's Bracers
9786,Raider's Cloak
9787,Raider's Gauntlets
9788,Raider's Belt
9789,Raider's Legguards
9790,Raider's Shield
9791,Ivycloth Tunic
9792,Ivycloth Boots
9793,Ivycloth Bracelets
9794,Ivycloth Cloak
9795,Ivycloth Gloves
9796,Ivycloth Mantle
9797,Ivycloth Pants
9798,Ivycloth Robe
9799,Ivycloth Sash
9800,Ivy Orb
9801,Superior Belt
9802,Superior Boots
9803,Superior Bracers
9804,Superior Buckler
9805,Superior Cloak
9806,Superior Gloves
9807,Superior Shoulders
9808,Superior Leggings
9809,Superior Tunic
9810,Fortified Boots
9811,Fortified Bracers
9812,Fortified Cloak
9813,Fortified Gauntlets
9814,Fortified Belt
9815,Fortified Leggings
9816,Fortified Shield
9817,Fortified Spaulders
9818,Fortified Chain
9819,Durable Tunic
9820,Durable Boots
9821,Durable Bracers
9822,Durable Cape
9823,Durable Gloves
9824,Durable Shoulders
9825,Durable Pants
9826,Durable Robe
9827,Scaled Leather Belt
9828,Scaled Leather Boots
9829,Scaled Leather Bracers
9830,Scaled Shield
9831,Scaled Cloak
9832,Scaled Leather Gloves
9833,Scaled Leather Leggings
9834,Scaled Leather Shoulders
9835,Scaled Leather Tunic
9836,Banded Armor
9837,Banded Bracers
9838,Banded Cloak
9839,Banded Gauntlets
9840,Banded Girdle
9841,Banded Leggings
9842,Banded Pauldrons
9843,Banded Shield
9844,Conjurer's Vest
9845,Conjurer's Shoes
9846,Conjurer's Bracers
9847,Conjurer's Cloak
9848,Conjurer's Gloves
9849,Conjurer's Hood
9850,Conjurer's Mantle
9851,Conjurer's Breeches
9852,Conjurer's Robe
9853,Conjurer's Cinch
9854,Archer's Jerkin
9855,Archer's Belt
9856,Archer's Boots
9857,Archer's Bracers
9858,Archer's Buckler
9859,Archer's Cap
9860,Archer's Cloak
9861,Archer's Gloves
9862,Archer's Trousers
9863,Archer's Shoulderpads
9864,Renegade Boots
9865,Renegade Bracers
9866,Renegade Chestguard
9867,Renegade Cloak
9868,Renegade Gauntlets
9869,Renegade Belt
9870,Renegade Circlet
9871,Renegade Leggings
9872,Renegade Pauldrons
9873,Renegade Shield
9874,Sorcerer Drape
9875,Sorcerer Sash
9876,Sorcerer Slippers
9877,Sorcerer Cloak
9878,Sorcerer Hat
9879,Sorcerer Bracelets
9880,Sorcerer Gloves
9881,Sorcerer Mantle
9882,Sorcerer Sphere
9883,Sorcerer Pants
9884,Sorcerer Robe
9885,Huntsman's Boots
9886,Huntsman's Bands
9887,Huntsman's Armor
9889,Huntsman's Cap
9890,Huntsman's Cape
9891,Huntsman's Belt
9892,Huntsman's Gloves
9893,Huntsman's Leggings
9894,Huntsman's Shoulders
9895,Jazeraint Boots
9896,Jazeraint Bracers
9897,Jazeraint Chestguard
9898,Jazeraint Cloak
9899,Jazeraint Shield
9900,Jazeraint Gauntlets
9901,Jazeraint Belt
9902,Jazeraint Helm
9903,Jazeraint Leggings
9904,Jazeraint Pauldrons
9905,Royal Blouse
9906,Royal Sash
9907,Royal Boots
9908,Royal Cape
9909,Royal Bands
9910,Royal Gloves
9911,Royal Trousers
9912,Royal Amice
9913,Royal Gown
9914,Royal Scepter
9915,Royal Headband
9916,Tracker's Belt
9917,Tracker's Boots
9918,Brigade Defender
9919,Tracker's Cloak
9920,Tracker's Gloves
9921,Tracker's Headband
9922,Tracker's Leggings
9923,Tracker's Shoulderpads
9924,Tracker's Tunic
9925,Tracker's Wristguards
9926,Brigade Boots
9927,Brigade Bracers
9928,Brigade Breastplate
9929,Brigade Cloak
9930,Brigade Gauntlets
9931,Brigade Girdle
9932,Brigade Circlet
9933,Brigade Leggings
9934,Brigade Pauldrons
9935,Embossed Plate Shield
9936,Abjurer's Boots
9937,Abjurer's Bands
9938,Abjurer's Cloak
9939,Abjurer's Gloves
9940,Abjurer's Hood
9941,Abjurer's Mantle
9942,Abjurer's Pants
9943,Abjurer's Robe
9944,Abjurer's Crystal
9945,Abjurer's Sash
9946,Abjurer's Tunic
9947,Chieftain's Belt
9948,Chieftain's Boots
9949,Chieftain's Bracers
9950,Chieftain's Breastplate
9951,Chieftain's Cloak
9952,Chieftain's Gloves
9953,Chieftain's Headdress
9954,Chieftain's Leggings
9955,Chieftain's Shoulders
9956,Warmonger's Bracers
9957,Warmonger's Chestpiece
9958,Warmonger's Buckler
9959,Warmonger's Cloak
9960,Warmonger's Gauntlets
9961,Warmonger's Belt
9962,Warmonger's Greaves
9963,Warmonger's Circlet
9964,Warmonger's Leggings
9965,Warmonger's Pauldrons
9966,Embossed Plate Armor
9967,Embossed Plate Gauntlets
9968,Embossed Plate Girdle
9969,Embossed Plate Helmet
9970,Embossed Plate Leggings
9971,Embossed Plate Pauldrons
9972,Embossed Plate Bracers
9973,Embossed Plate Boots
9974,Overlord's Shield
9998,Black Mageweave Vest
9999,Black Mageweave Leggings
10001,Black Mageweave Robe
10002,Shadoweave Pants
10003,Black Mageweave Gloves
10004,Shadoweave Robe
10007,Red Mageweave Vest
10008,White Bandit Mask
10009,Red Mageweave Pants
10018,Red Mageweave Gloves
10019,Dreamweave Gloves
10021,Dreamweave Vest
10023,Shadoweave Gloves
10024,Black Mageweave Headband
10025,Shadoweave Mask
10026,Black Mageweave Boots
10027,Black Mageweave Shoulders
10028,Shadoweave Shoulders
10029,Red Mageweave Shoulders
10030,Admiral's Hat
10031,Shadoweave Boots
10033,Red Mageweave Headband
10034,Tuxedo Shirt
10035,Tuxedo Pants
10036,Tuxedo Jacket
10040,White Wedding Dress
10041,Dreamweave Circlet
10042,Cindercloth Robe
10044,Cindercloth Boots
10045,Simple Linen Pants
10046,Simple Linen Boots
10047,Simple Kilt
10048,Colorful Kilt
10050,Mageweave Bag
10051,Red Mageweave Bag
10052,Orange Martial Shirt
10053,Simple Black Dress
10054,Lavender Mageweave Shirt
10055,Pink Mageweave Shirt
10056,Orange Mageweave Shirt
10057,Duskwoven Tunic
10058,Duskwoven Sandals
10059,Duskwoven Bracers
10060,Duskwoven Cape
10061,Duskwoven Turban
10062,Duskwoven Gloves
10063,Duskwoven Amice
10064,Duskwoven Pants
10065,Duskwoven Robe
10066,Duskwoven Sash
10067,Righteous Waistguard
10068,Righteous Boots
10069,Righteous Bracers
10070,Righteous Armor
10071,Righteous Cloak
10072,Righteous Gloves
10073,Righteous Helmet
10074,Righteous Leggings
10075,Righteous Spaulders
10076,Lord's Armguards
10077,Lord's Breastplate
10078,Lord's Crest
10079,Lord's Cape
10080,Lord's Gauntlets
10081,Lord's Girdle
10082,Lord's Boots
10083,Lord's Crown
10084,Lord's Legguards
10085,Lord's Pauldrons
10086,Gothic Plate Armor
10087,Gothic Plate Gauntlets
10088,Gothic Plate Girdle
10089,Gothic Sabatons
10090,Gothic Plate Helmet
10091,Gothic Plate Leggings
10092,Gothic Plate Spaulders
10093,Revenant Deflector
10094,Gothic Plate Vambraces
10095,Councillor's Boots
10096,Councillor's Cuffs
10097,Councillor's Circlet
10098,Councillor's Cloak
10099,Councillor's Gloves
10100,Councillor's Shoulders
10101,Councillor's Pants
10102,Councillor's Robes
10103,Councillor's Sash
10104,Councillor's Tunic
10105,Wanderer's Armor
10106,Wanderer's Boots
10107,Wanderer's Bracers
10108,Wanderer's Cloak
10109,Wanderer's Belt
10110,Wanderer's Gloves
10111,Wanderer's Hat
10112,Wanderer's Leggings
10113,Wanderer's Shoulders
10118,Ornate Breastplate
10119,Ornate Greaves
10120,Ornate Cloak
10121,Ornate Gauntlets
10122,Ornate Girdle
10123,Ornate Circlet
10124,Ornate Legguards
10125,Ornate Pauldrons
10126,Ornate Bracers
10127,Revenant Bracers
10128,Revenant Chestplate
10129,Revenant Gauntlets
10130,Revenant Girdle
10131,Revenant Boots
10132,Revenant Helmet
10133,Revenant Leggings
10134,Revenant Shoulders
10135,High Councillor's Tunic
10136,High Councillor's Bracers
10137,High Councillor's Boots
10138,High Councillor's Cloak
10139,High Councillor's Circlet
10140,High Councillor's Gloves
10141,High Councillor's Pants
10142,High Councillor's Mantle
10143,High Councillor's Robe
10144,High Councillor's Sash
10145,Mighty Girdle
10146,Mighty Boots
10147,Mighty Armsplints
10148,Mighty Cloak
10149,Mighty Gauntlets
10150,Mighty Helmet
10151,Mighty Tunic
10152,Mighty Leggings
10153,Mighty Spaulders
10154,Mercurial Girdle
10155,Mercurial Greaves
10156,Mercurial Bracers
10157,Mercurial Breastplate
10158,Mercurial Guard
10159,Mercurial Cloak
10160,Mercurial Circlet
10161,Mercurial Gauntlets
10162,Mercurial Legguards
10163,Mercurial Pauldrons
10164,Templar Chestplate
10165,Templar Gauntlets
10166,Templar Girdle
10167,Templar Boots
10168,Templar Crown
10169,Templar Legplates
10170,Templar Pauldrons
10171,Templar Bracers
10172,Mystical Mantle
10173,Mystical Bracers
10174,Mystical Cape
10175,Mystical Headwrap
10176,Mystical Gloves
10177,Mystical Leggings
10178,Mystical Robe
10179,Mystical Boots
10180,Mystical Belt
10181,Mystical Armor
10182,Swashbuckler's Breastplate
10183,Swashbuckler's Boots
10184,Swashbuckler's Bracers
10185,Swashbuckler's Cape
10186,Swashbuckler's Gloves
10187,Swashbuckler's Eyepatch
10188,Swashbuckler's Leggings
10189,Swashbuckler's Shoulderpads
10190,Swashbuckler's Belt
10191,Crusader's Armguards
10192,Crusader's Boots
10193,Crusader's Armor
10194,Crusader's Cloak
10195,Crusader's Shield
10196,Crusader's Gauntlets
10197,Crusader's Belt
10198,Crusader's Helm
10199,Crusader's Leggings
10200,Crusader's Pauldrons
10201,Overlord's Greaves
10202,Overlord's Vambraces
10203,Overlord's Chestplate
10204,Heavy Lamellar Shield
10205,Overlord's Gauntlets
10206,Overlord's Girdle
10207,Overlord's Crown
10208,Overlord's Legplates
10209,Overlord's Spaulders
10210,Elegant Mantle
10211,Elegant Boots
10212,Elegant Cloak
10213,Elegant Bracers
10214,Elegant Gloves
10215,Elegant Robes
10216,Elegant Belt
10217,Elegant Leggings
10218,Elegant Tunic
10219,Elegant Circlet
10220,Nightshade Tunic
10221,Nightshade Girdle
10222,Nightshade Boots
10223,Nightshade Armguards
10224,Nightshade Cloak
10225,Nightshade Gloves
10226,Nightshade Helmet
10227,Nightshade Leggings
10228,Nightshade Spaulders
10229,Engraved Bracers
10230,Engraved Breastplate
10231,Engraved Cape
10232,Engraved Gauntlets
10233,Engraved Girdle
10234,Engraved Boots
10235,Engraved Helm
10236,Engraved Leggings
10237,Engraved Pauldrons
10238,Heavy Lamellar Boots
10239,Heavy Lamellar Vambraces
10240,Heavy Lamellar Chestpiece
10241,Heavy Lamellar Helm
10242,Heavy Lamellar Gauntlets
10243,Heavy Lamellar Girdle
10244,Heavy Lamellar Leggings
10245,Heavy Lamellar Pauldrons
10246,Master's Vest
10247,Master's Boots
10248,Master's Bracers
10249,Master's Cloak
10250,Master's Hat
10251,Master's Gloves
10252,Master's Leggings
10253,Master's Mantle
10254,Master's Robe
10255,Master's Belt
10256,Adventurer's Bracers
10257,Adventurer's Boots
10258,Adventurer's Cape
10259,Adventurer's Belt
10260,Adventurer's Gloves
10261,Adventurer's Bandana
10262,Adventurer's Legguards
10263,Adventurer's Shoulders
10264,Adventurer's Tunic
10265,Masterwork Bracers
10266,Masterwork Breastplate
10267,Masterwork Cape
10268,Masterwork Gauntlets
10269,Masterwork Girdle
10270,Masterwork Boots
10271,Masterwork Shield
10272,Masterwork Circlet
10273,Masterwork Legplates
10274,Masterwork Pauldrons
10275,Emerald Breastplate
10276,Emerald Sabatons
10277,Emerald Gauntlets
10278,Emerald Girdle
10279,Emerald Helm
10280,Emerald Legplates
10281,Emerald Pauldrons
10282,Emerald Vambraces
10285,Shadow Silk
10286,Heart of the Wild
10287,Greenweave Mantle
10288,Sage's Circlet
10289,Durable Hat
10290,Pink Dye
10300,Pattern: Red Mageweave Vest
10301,Pattern: White Bandit Mask
10302,Pattern: Red Mageweave Pants
10305,Scroll of Protection IV
10306,Scroll of Spirit IV
10307,Scroll of Stamina IV
10308,Scroll of Intellect IV
10309,Scroll of Agility IV
10310,Scroll of Strength IV
10311,Pattern: Orange Martial Shirt
10312,Pattern: Red Mageweave Gloves
10314,Pattern: Lavender Mageweave Shirt
10315,Pattern: Red Mageweave Shoulders
10316,Pattern: Colorful Kilt
10317,Pattern: Pink Mageweave Shirt
10318,Pattern: Admiral's Hat
10320,Pattern: Red Mageweave Headband
10321,Pattern: Tuxedo Shirt
10323,Pattern: Tuxedo Pants
10325,Pattern: White Wedding Dress
10326,Pattern: Tuxedo Jacket
10328,Scarlet Chestpiece
10329,Scarlet Belt
10331,Scarlet Gauntlets
10332,Scarlet Boots
10333,Scarlet Wristguards
10360,Black Kingsnake
10361,Brown Snake
10362,Ornate Shield
10363,Engraved Wall
10364,Templar Shield
10365,Emerald Shield
10366,Demon Guard
10367,Hyperion Shield
10368,Imbued Plate Armor
10369,Imbued Plate Gauntlets
10370,Imbued Plate Girdle
10371,Imbued Plate Greaves
10372,Imbued Plate Helmet
10373,Imbued Plate Leggings
10374,Imbued Plate Pauldrons
10375,Imbued Plate Vambraces
10376,Commander's Boots
10377,Commander's Vambraces
10378,Commander's Armor
10379,Commander's Helm
10380,Commander's Gauntlets
10381,Commander's Girdle
10382,Commander's Leggings
10383,Commander's Pauldrons
10384,Hyperion Armor
10385,Hyperion Greaves
10386,Hyperion Gauntlets
10387,Hyperion Girdle
10388,Hyperion Helm
10389,Hyperion Legplates
10390,Hyperion Pauldrons
10391,Hyperion Vambraces
10392,Crimson Snake
10393,Cockroach
10394,Prairie Dog Whistle
10398,Mechanical Chicken
10400,Blackened Defias Leggings
10401,Blackened Defias Gloves
10402,Blackened Defias Boots
10403,Blackened Defias Belt
10404,Durable Belt
10405,Bandit Shoulders
10406,Scaled Leather Headband
10407,Raider's Shoulderpads
10408,Banded Helm
10409,Banded Boots
10413,Gloves of the Fang
10421,Rough Copper Vest
10423,Silvered Bronze Leggings
10424,Plans: Silvered Bronze Leggings
10463,Pattern: Shadoweave Mask
10498,Gyromatic Micro-Adjustor
10499,Bright-Eye Goggles
10500,Fire Goggles
10501,Catseye Ultra Goggles
10502,Spellpower Goggles Xtreme
10503,Rose Colored Goggles
10504,Green Lens
10505,Solid Blasting Powder
10506,Deepdive Helmet
10507,Solid Dynamite
10508,Mithril Blunderbuss
10510,Mithril Heavy-bore Rifle
10512,Hi-Impact Mithril Slugs
10513,Mithril Gyro-Shot
10514,Mithril Frag Bomb
10518,Parachute Cloak
10546,Deadly Scope
10548,Sniper Scope
10558,Gold Power Core
10559,Mithril Tube
10560,Unstable Trigger
10561,Mithril Casing
10562,Hi-Explosive Bomb
10567,Quillshooter
10570,Manslayer
10571,Ebony Boneclub
10572,Freezing Shard
10573,Boneslasher
10574,Corpseshroud
10576,Mithril Mechanical Dragonling
10577,Goblin Mortar
10578,Thoughtcast Boots
10581,Death's Head Vestment
10582,Briar Tredders
10583,Quillward Harness
10584,Stormgale Fists
10586,The Big One
10588,Goblin Rocket Helmet
10592,Catseye Elixir
10593,Imperfect Draenethyst Fragment
10601,Schematic: Bright-Eye Goggles
10602,Schematic: Deadly Scope
10603,Schematic: Catseye Ultra Goggles
10604,Schematic: Mithril Heavy-bore Rifle
10605,Schematic: Spellpower Goggles Xtreme
10606,Schematic: Parachute Cloak
10607,Schematic: Deepdive Helmet
10608,Schematic: Sniper Scope
10609,Schematic: Mithril Mechanical Dragonling
10620,Thorium Ore
10623,Winter's Bite
10624,Stinging Bow
10625,Stealthblade
10626,Ragehammer
10627,Bludgeon of the Grinning Dog
10628,Deathblow
10629,Mistwalker Boots
10630,Soulcatcher Halo
10631,Murkwater Gauntlets
10632,Slimescale Bracers
10633,Silvershell Leggings
10634,Mindseye Circle
10644,Recipe: Goblin Rocket Fuel
10646,Goblin Sapper Charge
10647,Engineer's Ink
10648,Blank Parchment
10713,Plans: Inlaid Mithril Cylinder
10716,Gnomish Shrink Ray
10720,Gnomish Net-o-Matic Projector
10721,Gnomish Harm Prevention Belt
10724,Gnomish Rocket Boots
10726,Gnomish Mind Control Cap
10728,Pattern: Black Swashbuckler's Shirt
10822,Dark Whelpling
10839,Crystallized Note
10840,Crystallized Note
10858,Plans: Solid Iron Maul
10918,Wound Poison
10920,Wound Poison II
10921,Wound Poison III
10922,Wound Poison IV
10938,Lesser Magic Essence
10939,Greater Magic Essence
10940,Strange Dust
10978,Small Glimmering Shard
10998,Lesser Astral Essence
11018,Un'Goro Soil
11022,Packet of Tharlendris Seeds
11023,Ancona Chicken
11026,Tree Frog Box
11027,Wood Frog Box
11038,Formula: Enchant 2H Weapon - Lesser Spirit
11039,Formula: Enchant Cloak - Minor Agility
11040,Morrowgrain
11078,Relic Coffer Key
11081,Formula: Enchant Shield - Lesser Protection
11082,Greater Astral Essence
11083,Soul Dust
11084,Large Glimmering Shard
11098,Formula: Enchant Cloak - Lesser Shadow Resistance
11101,Formula: Enchant Bracer - Lesser Strength
11108,Faded Photograph
11109,Special Chicken Feed
11128,Golden Rod
11134,Lesser Mystic Essence
11135,Greater Mystic Essence
11137,Vision Dust
11138,Small Glowing Shard
11139,Large Glowing Shard
11144,Truesilver Rod
11150,Formula: Enchant Gloves - Mining
11151,Formula: Enchant Gloves - Herbalism
11152,Formula: Enchant Gloves - Fishing
11163,Formula: Enchant Bracer - Lesser Deflection
11164,Formula: Enchant Weapon - Lesser Beastslayer
11165,Formula: Enchant Weapon - Lesser Elemental Slayer
11166,Formula: Enchant Gloves - Skinning
11167,Formula: Enchant Boots - Lesser Spirit
11168,Formula: Enchant Shield - Lesser Block
11174,Lesser Nether Essence
11175,Greater Nether Essence
11176,Dream Dust
11177,Small Radiant Shard
11178,Large Radiant Shard
11184,Blue Power Crystal
11185,Green Power Crystal
11186,Red Power Crystal
11188,Yellow Power Crystal
11197,Dark Keeper Key
11202,Formula: Enchant Shield - Stamina
11203,Formula: Enchant Gloves - Advanced Mining
11204,Formula: Enchant Bracer - Greater Spirit
11205,Formula: Enchant Gloves - Advanced Herbalism
11206,Formula: Enchant Cloak - Lesser Agility
11207,Formula: Enchant Weapon - Fiery Weapon
11208,Formula: Enchant Weapon - Demonslaying
11223,Formula: Enchant Bracer - Deflection
11224,Formula: Enchant Shield - Frost Resistance
11225,Formula: Enchant Bracer - Greater Stamina
11226,Formula: Enchant Gloves - Riding Skill
11242,Evoroot
11284,Accurate Slugs
11285,Jagged Arrow
11287,Lesser Magic Wand
11288,Greater Magic Wand
11289,Lesser Mystic Wand
11290,Greater Mystic Wand
11291,Star Wood
11302,Uther's Strength
11303,Fine Shortbow
11304,Fine Longbow
11305,Dense Shortbow
11306,Sturdy Recurve
11307,Massive Longbow
11325,Dark Iron Ale Mug
11362,Medium Quiver
11363,Medium Shot Pouch
11370,Dark Iron Ore
11371,Dark Iron Bar
11382,Blood of the Mountain
11384,Broken Basilisk Teeth
11385,Basilisk Scale
11386,Squishy Basilisk Eye
11387,Basilisk Heart
11391,Spined Bat Wing
11392,Severed Bat Claw
11393,Small Bat Skull
11394,Bat Heart
11395,Bat Ear
11403,Large Bat Fang
11404,Evil Bat Eye
11406,Rotting Bear Carcass
11407,Torn Bear Pelt
11408,Bear Jaw
11409,Bear Organ
11410,Savage Bear Claw
11411,Large Bear Bone
11416,Delicate Ribcage
11417,Feathery Wing
11418,Hollow Wing Bone
11419,Mysterious Unhatched Egg
11420,Elegant Writing Tool
11584,Cactus Apple Surprise
11590,Mechanical Repair Kit
11602,Grim Guzzler Key
11603,Vilerend Slicer
11608,Dark Iron Pulverizer
11610,Plans: Dark Iron Pulverizer
11611,Plans: Dark Iron Sunderer
11612,Plans: Dark Iron Plate
11630,Rockshard Pellets
11732,Libram of Rumination
11733,Libram of Constitution
11734,Libram of Tenacity
11736,Libram of Resilience
11737,Libram of Voracity
11754,Black Diamond
11813,Formula: Smoking Heart of the Mountain
11818,Grimesilt Outhouse Key
11939,Shiny Bracelet
11940,Sparkly Necklace
11941,False Documents
11942,Legal Documents
11944,Dark Iron Baby Booties
11965,Quartz Ring
11967,Zircon Band
11968,Amber Hoop
11969,Jacinth Circle
11970,Spinel Ring
11971,Amethyst Band
11972,Carnelian Loop
11973,Hematite Link
11974,Aquamarine Ring
11975,Topaz Ring
11976,Sardonyx Knuckle
11977,Serpentine Loop
11978,Jasper Link
11979,Peridot Circle
11980,Opal Ring
11981,Lead Band
11982,Viridian Band
11983,Chrome Ring
11984,Cobalt Ring
11985,Cerulean Ring
11986,Thallium Hoop
11987,Iridium Circle
11988,Tellurium Band
11989,Vanadium Loop
11990,Selenium Loop
11991,Quicksilver Ring
11992,Vermilion Band
11993,Clay Ring
11994,Coral Band
11995,Ivory Band
11996,Basalt Ring
11997,Greenstone Circle
11998,Jet Loop
11999,Lodestone Hoop
12001,Onyx Ring
12002,Marble Circle
12004,Obsidian Band
12005,Granite Ring
12006,Meadow Ring
12007,Prairie Ring
12008,Savannah Ring
12009,Tundra Ring
12010,Fen Ring
12011,Forest Hoop
12012,Marsh Ring
12013,Desert Ring
12014,Arctic Ring
12015,Swamp Ring
12016,Jungle Ring
12017,Prismatic Band
12019,Cerulean Talisman
12020,Thallium Choker
12022,Iridium Chain
12023,Tellurium Necklace
12024,Vanadium Talisman
12025,Selenium Chain
12026,Quicksilver Pendant
12027,Vermilion Necklace
12028,Basalt Necklace
12029,Greenstone Talisman
12030,Jet Chain
12031,Lodestone Necklace
12032,Onyx Choker
12034,Marble Necklace
12035,Obsidian Pendant
12036,Granite Necklace
12037,Mystery Meat
12039,Tundra Necklace
12040,Forest Pendant
12042,Marsh Chain
12043,Desert Choker
12044,Arctic Pendant
12045,Swamp Pendant
12046,Jungle Necklace
12047,Spectral Necklace
12048,Prismatic Pendant
12052,Ring of the Moon
12053,Volcanic Rock Ring
12054,Demon Band
12055,Stardust Band
12056,Ring of the Heavens
12057,Dragonscale Band
12058,Demonic Bone Ring
12162,Plans: Hardened Iron Shortsword
12163,Plans: Moonsteel Broadsword
12164,Plans: Massive Iron Axe
12184,Raptor Flesh
12190,Dreamless Sleep Potion
12202,Tiger Meat
12203,Red Wolf Meat
12204,Heavy Kodo Meat
12205,White Spider Meat
12206,Tender Crab Meat
12207,Giant Egg
12208,Tender Wolf Meat
12209,Lean Wolf Steak
12210,Roast Raptor
12212,Jungle Stew
12213,Carrion Surprise
12214,Mystery Stew
12215,Heavy Kodo Stew
12216,Spiced Chili Crab
12217,Dragonbreath Chili
12218,Monster Omelet
12219,Unadorned Seal of Ascension
12223,Meaty Bat Wing
12224,Crispy Bat Wing
12226,Recipe: Crispy Bat Wing
12227,Recipe: Lean Wolf Steak
12228,Recipe: Roast Raptor
12229,Recipe: Hot Wolf Ribs
12231,Recipe: Jungle Stew
12232,Recipe: Carrion Surprise
12233,Recipe: Mystery Stew
12238,Darkshore Grouper
12239,Recipe: Dragonbreath Chili
12240,Recipe: Heavy Kodo Stew
12247,Broad Bladed Knife
12248,Daring Dirk
12249,Merciless Axe
12250,Midnight Axe
12251,Big Stick
12252,Staff of Protection
12253,Brilliant Red Cloak
12254,Well Oiled Cloak
12255,Pale Leggings
12256,Cindercloth Leggings
12257,Heavy Notched Belt
12259,Glinting Steel Dagger
12260,Searing Golden Blade
12261,Plans: Searing Golden Blade
12282,Worn Battleaxe
12284,Draco-Incarcinatrix 900
12286,Eggscilloscope Prototype
12359,Thorium Bar
12360,Arcanite Bar
12361,Blue Sapphire
12363,Arcane Crystal
12364,Huge Emerald
12365,Dense Stone
12404,Dense Sharpening Stone
12405,Thorium Armor
12406,Thorium Belt
12408,Thorium Bracers
12409,Thorium Boots
12410,Thorium Helm
12415,Radiant Breastplate
12416,Radiant Belt
12418,Radiant Gloves
12419,Radiant Boots
12420,Radiant Leggings
12422,Imperial Plate Chest
12424,Imperial Plate Belt
12425,Imperial Plate Bracers
12426,Imperial Plate Boots
12427,Imperial Plate Helm
12428,Imperial Plate Shoulders
12429,Imperial Plate Leggings
12430,Frostsaber E'ko
12431,Winterfall E'ko
12432,Shardtooth E'ko
12433,Wildkin E'ko
12434,Chillwind E'ko
12435,Ice Thistle E'ko
12436,Frostmaul E'ko
12445,Felnok's Package
12527,Ribsplitter
12528,The Judge's Gavel
12531,Searing Needle
12532,Spire of the Stoneshaper
12535,Doomforged Straightedge
12542,Funeral Pyre Vestment
12546,Aristocratic Cuffs
12547,Mar Alom's Grip
12549,Braincage
12550,Runed Golem Shackles
12551,Stoneshield Cloak
12552,Blisterbane Wrap
12555,Battlechaser's Greaves
12607,Brilliant Chromatic Scale
12619,Enchanted Thorium Leggings
12624,Wildthorn Mail
12625,Dawnbringer Shoulders
12628,Demon Forged Breastplate
12632,Storm Gauntlets
12633,Whitesoul Helm
12636,Helm of the Great Chief
12640,Lionheart Helm
12643,Dense Weightstone
12644,Dense Grinding Stone
12645,Thorium Shield Spike
12655,Enchanted Thorium Bar
12682,Plans: Thorium Armor
12683,Plans: Thorium Belt
12684,Plans: Thorium Bracers
12685,Plans: Radiant Belt
12689,Plans: Radiant Breastplate
12691,Plans: Wildthorn Mail
12692,Plans: Thorium Shield Spike
12693,Plans: Thorium Boots
12694,Plans: Thorium Helm
12695,Plans: Radiant Gloves
12697,Plans: Radiant Boots
12698,Plans: Dawnbringer Shoulders
12702,Plans: Radiant Circlet
12703,Plans: Storm Gauntlets
12704,Plans: Thorium Leggings
12711,Plans: Whitesoul Helm
12713,Plans: Radiant Leggings
12716,Plans: Helm of the Great Chief
12717,Plans: Lionheart Helm
12720,Plans: Stronghold Gauntlets
12728,Plans: Invulnerable Mail
12731,Pristine Hide of the Beast
12783,Heartseeker
12784,Arcanite Reaper
12792,Volcanic Hammer
12798,Annihilator
12799,Large Opal
12800,Azerothian Diamond
12803,Living Essence
12804,Powerful Mojo
12808,Essence of Undeath
12809,Guardian Stone
12810,Enchanted Leather
12811,Righteous Orb
12820,Winterfall Firewater
12827,Plans: Serenity
12828,Plans: Volcanic Hammer
12833,Plans: Hammer of the Titans
12834,Plans: Arcanite Champion
12835,Plans: Annihilator
12836,Plans: Frostguard
12838,Plans: Arcanite Reaper
12839,Plans: Heartseeker
12845,Medallion of Faith
12958,Recipe: Transmute Arcanite
12974,The Black Knight
12975,Prospector Axe
12976,Ironpatch Blade
12977,Magefist Gloves
12978,Stormbringer Belt
12979,Firebane Cloak
12982,Silver-linked Footguards
12983,Rakzur Club
12984,Skycaller
12985,Ring of Defense
12987,Darkweave Breeches
12988,Starsight Tunic
12989,Gargoyle's Bite
12990,Razor's Edge
12992,Searing Blade
12994,Thorbia's Gauntlets
12996,Band of Purification
12997,Redbeard Crest
12998,Magician's Mantle
12999,Drakewing Bands
13000,Staff of Hale Magefire
13001,Maiden's Circle
13002,Lady Alizabeth's Pendant
13003,Lord Alexander's Battle Axe
13004,Torch of Austen
13005,Amy's Blanket
13006,Mass of McGowan
13007,Mageflame Cloak
13008,Dalewind Trousers
13009,Cow King's Hide
13010,Dreamsinger Legguards
13011,Silver-lined Belt
13012,Yorgen Bracers
13013,Elder Wizard's Mantle
13014,Axe of Rin'ji
13015,Serathil
13016,Killmaim
13017,Hellslayer Battle Axe
13018,Executioner's Cleaver
13019,Harpyclaw Short Bow
13020,Skystriker Bow
13021,Needle Threader
13022,Gryphonwing Long Bow
13023,Eaglehorn Long Bow
13024,Beazel's Basher
13025,Deadwood Sledge
13026,Heaven's Light
13027,Bonesnapper
13028,Bludstone Hammer
13029,Umbral Crystal
13030,Basilisk Bone
13031,Orb of Mistmantle
13032,Sword of Corruption
13033,Zealot Blade
13034,Speedsteel Rapier
13035,Serpent Slicer
13036,Assassination Blade
13037,Crystalpine Stinger
13038,Swiftwind
13039,Skull Splitting Crossbow
13040,Heartseeking Crossbow
13041,Guardian Blade
13042,Sword of the Magistrate
13043,Blade of the Titans
13044,Demonslayer
13045,Viscous Hammer
13046,Blanchard's Stout
13047,Twig of the World Tree
13048,Looming Gavel
13049,Deanship Claymore
13051,Witchfury
13052,Warmonger
13053,Doombringer
13054,Grim Reaper
13055,Bonechewer
13056,Frenzied Striker
13057,Bloodpike
13058,Khoo's Point
13059,Stoneraven
13060,The Needler
13062,Thunderwood
13063,Starfaller
13064,Jaina's Firestarter
13065,Wand of Allistarj
13066,Wyrmslayer Spaulders
13067,Hydralick Armor
13068,Obsidian Greaves
13070,Sapphiron's Scale Boots
13071,Plated Fist of Hakoo
13072,Stonegrip Gauntlets
13073,Mugthol's Helm
13074,Golem Shard Leggings
13075,Direwing Legguards
13076,Giantslayer Bracers
13077,Girdle of Uther
13079,Shield of Thorsen
13081,Skullance Shield
13082,Mountainside Buckler
13083,Garrett Family Crest
13084,Kaleidoscope Chain
13085,Horizon Choker
13087,River Pride Choker
13088,Gazlowe's Charm
13089,Skibi's Pendant
13091,Medallion of Grand Marshal Morris
13093,Blush Ember Ring
13094,The Queen's Jewel
13095,Assault Band
13096,Band of the Hierophant
13097,Thunderbrow Ring
13099,Moccasins of the White Hare
13100,Furen's Boots
13101,Wolfrunner Shoes
13102,Cassandra's Grace
13103,Pads of the Venom Spider
13105,Sutarn's Ring
13106,Glowing Magical Bracelets
13107,Magiskull Cuffs
13108,Tigerstrike Mantle
13109,Blackflame Cape
13110,Wolffear Harness
13111,Sandals of the Insurgent
13112,Winged Helm
13113,Feathermoon Headdress
13114,Troll's Bane Leggings
13115,Sheepshear Mantle
13116,Spaulders of the Unseen
13117,Ogron's Sash
13118,Serpentine Sash
13119,Enchanted Kodo Bracers
13120,Deepfury Bracers
13121,Wing of the Whelpling
13122,Dark Phantom Cape
13123,Dreamwalker Armor
13124,Ravasaur Scale Boots
13125,Elven Chain Boots
13126,Battlecaller Gauntlets
13127,Frostreaver Crown
13128,High Bergg Helm
13129,Firemane Leggings
13130,Windrunner Legguards
13131,Sparkleshell Mantle
13132,Skeletal Shoulders
13133,Drakesfire Epaulets
13134,Belt of the Gladiator
13135,Lordly Armguards
13136,Lil Timmy's Peashooter
13137,Ironweaver
13138,The Silencer
13139,Guttbuster
13144,Serenity Belt
13145,Enormous Ogre Belt
13146,Shell Launcher Shotgun
13159,Bone Dust
13199,Crushridge Bindings
13287,Pattern: Raptor Hide Harness
13302,Market Row Postbox Key
13303,Crusaders' Square Postbox Key
13304,Festival Lane Postbox Key
13305,Elders' Square Postbox Key
13306,King's Square Postbox Key
13307,Ezra Grimm's Postbox Key
13308,Schematic: Ice Deflector
13309,Schematic: Lovingly Crafted Boomstick
13310,Schematic: Accurate Scope
13311,Schematic: Mechanical Dragonling
13362,Letter from the Front
13363,Municipal Proclamation
13364,Ezra Grimm's Advertisement
13366,Ingenious Toy
13367,Wrapped Gift
13422,Stonescale Eel
13423,Stonescale Oil
13442,Mighty Rage Potion
13443,Superior Mana Potion
13444,Major Mana Potion
13445,Elixir of Superior Defense
13446,Major Healing Potion
13447,Elixir of the Sages
13452,Elixir of the Mongoose
13453,Elixir of Brute Force
13454,Greater Arcane Elixir
13455,Greater Stoneshield Potion
13456,Greater Frost Protection Potion
13457,Greater Fire Protection Potion
13458,Greater Nature Protection Potion
13459,Greater Shadow Protection Potion
13461,Greater Arcane Protection Potion
13462,Purification Potion
13463,Dreamfoil
13464,Golden Sansam
13465,Mountain Silversage
13466,Plaguebloom
13467,Icecap
13468,Black Lotus
13476,Recipe: Mighty Rage Potion
13477,Recipe: Superior Mana Potion
13478,Recipe: Elixir of Superior Defense
13479,Recipe: Elixir of the Sages
13480,Recipe: Major Healing Potion
13486,Recipe: Transmute Undeath to Water
13487,Recipe: Transmute Water to Undeath
13488,Recipe: Transmute Life to Earth
13489,Recipe: Transmute Earth to Life
13490,Recipe: Greater Stoneshield Potion
13491,Recipe: Elixir of the Mongoose
13492,Recipe: Purification Potion
13494,Recipe: Greater Fire Protection Potion
13495,Recipe: Greater Frost Protection Potion
13496,Recipe: Greater Nature Protection Potion
13497,Recipe: Greater Arcane Protection Potion
13499,Recipe: Greater Shadow Protection Potion
13506,Flask of Petrification
13510,Flask of the Titans
13511,Flask of Distilled Wisdom
13512,Flask of Supreme Power
13513,Flask of Chromatic Resistance
13518,Recipe: Flask of Petrification
13519,Recipe: Flask of the Titans
13520,Recipe: Flask of Distilled Wisdom
13521,Recipe: Flask of Supreme Power
13522,Recipe: Flask of Chromatic Resistance
13545,Shellfish
13546,Bloodbelly Fish
13724,Enriched Manna Biscuit
13754,Raw Glossy Mightfish
13755,Winter Squid
13756,Raw Summer Bass
13757,Lightning Eel
13758,Raw Redgill
13759,Raw Nightfin Snapper
13760,Raw Sunscale Salmon
13816,Fine Longsword
13817,Tapered Greatsword
13818,Jagged Axe
13820,Clout Mace
13821,Bulky Maul
13822,Spiked Dagger
13823,Stout War Staff
13824,Recurve Long Bow
13825,Primed Musket
13851,Hot Wolf Ribs
13856,Runecloth Belt
13857,Runecloth Tunic
13858,Runecloth Robe
13860,Runecloth Cloak
13863,Runecloth Gloves
13864,Runecloth Boots
13865,Runecloth Pants
13866,Runecloth Headband
13867,Runecloth Shoulders
13868,Frostweave Robe
13869,Frostweave Tunic
13870,Frostweave Gloves
13871,Frostweave Pants
13876,40 Pound Grouper
13877,47 Pound Grouper
13878,53 Pound Grouper
13879,59 Pound Grouper
13880,68 Pound Grouper
13882,42 Pound Redgill
13883,45 Pound Redgill
13884,49 Pound Redgill
13885,34 Pound Redgill
13886,37 Pound Redgill
13888,Darkclaw Lobster
13889,Raw Whitescale Salmon
13890,Plated Armorfish
13893,Large Raw Mightfish
13896,Dark Green Wedding Hanbok
13897,White Traditional Hanbok
13899,Red Traditional Hanbok
13900,Green Wedding Hanbok
13901,15 Pound Salmon
13902,18 Pound Salmon
13905,29 Pound Salmon
13907,7 Pound Lobster
13908,9 Pound Lobster
13909,12 Pound Lobster
13910,15 Pound Lobster
13911,19 Pound Lobster
13912,21 Pound Lobster
13914,70 Pound Mightfish
13915,85 Pound Mightfish
13926,Golden Pearl
13927,Cooked Glossy Mightfish
13928,Grilled Squid
13929,Hot Smoked Bass
13930,Filet of Redgill
13931,Nightfin Soup
13932,Poached Sunscale Salmon
13933,Lobster Stew
13934,Mightfish Steak
13935,Baked Salmon
13939,Recipe: Spotted Yellowtail
13940,Recipe: Cooked Glossy Mightfish
13941,Recipe: Filet of Redgill
13942,Recipe: Grilled Squid
13943,Recipe: Hot Smoked Bass
13945,Recipe: Nightfin Soup
13946,Recipe: Poached Sunscale Salmon
13947,Recipe: Lobster Stew
13948,Recipe: Mightfish Steak
13949,Recipe: Baked Salmon
14025,Mystic's Belt
14042,Cindercloth Vest
14043,Cindercloth Gloves
14044,Cindercloth Cloak
14045,Cindercloth Pants
14046,Runecloth Bag
14047,Runecloth
14048,Bolt of Runecloth
14086,Beaded Sandals
14087,Beaded Cuffs
14088,Beaded Cloak
14089,Beaded Gloves
14090,Beaded Britches
14091,Beaded Robe
14093,Beaded Cord
14094,Beaded Wraps
14095,Native Bands
14096,Native Vest
14097,Native Pants
14098,Native Cloak
14099,Native Sash
14100,Brightcloth Robe
14101,Brightcloth Gloves
14102,Native Handwraps
14103,Brightcloth Cloak
14104,Brightcloth Pants
14106,Felcloth Robe
14107,Felcloth Pants
14108,Felcloth Boots
14109,Native Robe
14110,Native Sandals
14111,Felcloth Hood
14112,Felcloth Shoulders
14113,Aboriginal Sash
14114,Aboriginal Footwraps
14115,Aboriginal Bands
14116,Aboriginal Cape
14117,Aboriginal Gloves
14119,Aboriginal Loincloth
14120,Aboriginal Robe
14121,Aboriginal Vest
14122,Ritual Bands
14123,Ritual Cape
14124,Ritual Gloves
14125,Ritual Leggings
14126,Ritual Amice
14127,Ritual Shroud
14128,Wizardweave Robe
14129,Ritual Sandals
14130,Wizardweave Turban
14131,Ritual Belt
14132,Wizardweave Leggings
14133,Ritual Tunic
14134,Cloak of Fire
14136,Robe of Winter Night
14137,Mooncloth Leggings
14138,Mooncloth Vest
14139,Mooncloth Shoulders
14140,Mooncloth Circlet
14142,Ghostweave Gloves
14144,Ghostweave Pants
14146,Gloves of Spell Mastery
14155,Mooncloth Bag
14156,Bottomless Bag
14157,Pagan Mantle
14158,Pagan Vest
14159,Pagan Shoes
14160,Pagan Bands
14161,Pagan Cape
14162,Pagan Mitts
14163,Pagan Wraps
14164,Pagan Belt
14165,Pagan Britches
14166,Buccaneer's Bracers
14167,Buccaneer's Cape
14168,Buccaneer's Gloves
14169,Aboriginal Shoulder Pads
14170,Buccaneer's Mantle
14171,Buccaneer's Pants
14172,Buccaneer's Robes
14173,Buccaneer's Cord
14174,Buccaneer's Boots
14175,Buccaneer's Vest
14176,Watcher's Boots
14177,Watcher's Cuffs
14178,Watcher's Cap
14179,Watcher's Cape
14180,Watcher's Jerkin
14181,Watcher's Handwraps
14182,Watcher's Mantle
14183,Watcher's Leggings
14184,Watcher's Robes
14185,Watcher's Cinch
14186,Raincaller Mantle
14187,Raincaller Cuffs
14188,Raincaller Cloak
14189,Raincaller Cap
14190,Raincaller Vest
14191,Raincaller Mitts
14192,Raincaller Robes
14193,Raincaller Pants
14194,Raincaller Cord
14195,Raincaller Boots
14196,Thistlefur Sandals
14197,Thistlefur Bands
14198,Thistlefur Cloak
14199,Thistlefur Gloves
14200,Thistlefur Cap
14201,Thistlefur Mantle
14202,Thistlefur Jerkin
14203,Thistlefur Pants
14204,Thistlefur Robe
14205,Thistlefur Belt
14206,Vital Bracelets
14207,Vital Leggings
14208,Vital Headband
14209,Vital Sash
14210,Vital Cape
14211,Vital Handwraps
14212,Vital Shoulders
14213,Vital Raiment
14214,Vital Boots
14215,Vital Tunic
14216,Geomancer's Jerkin
14217,Geomancer's Cord
14218,Geomancer's Boots
14219,Geomancer's Cloak
14220,Geomancer's Cap
14221,Geomancer's Bracers
14222,Geomancer's Gloves
14223,Geomancer's Spaulders
14224,Geomancer's Trousers
14225,Geomancer's Wraps
14226,Embersilk Bracelets
14227,Ironweb Spider Silk
14228,Embersilk Coronet
14229,Embersilk Cloak
14230,Embersilk Tunic
14231,Embersilk Mitts
14232,Embersilk Mantle
14233,Embersilk Leggings
14234,Embersilk Robes
14235,Embersilk Cord
14236,Embersilk Boots
14237,Darkmist Armor
14238,Darkmist Boots
14239,Darkmist Cape
14240,Darkmist Bands
14241,Darkmist Handguards
14242,Darkmist Pants
14243,Darkmist Mantle
14244,Darkmist Wraps
14245,Darkmist Girdle
14246,Darkmist Wizard Hat
14247,Lunar Mantle
14248,Lunar Bindings
14249,Lunar Vest
14250,Lunar Slippers
14251,Lunar Cloak
14252,Lunar Coronet
14253,Lunar Handwraps
14254,Lunar Raiment
14255,Lunar Belt
14256,Felcloth
14257,Lunar Leggings
14258,Bloodwoven Cord
14259,Bloodwoven Boots
14260,Bloodwoven Bracers
14261,Bloodwoven Cloak
14262,Bloodwoven Mitts
14263,Bloodwoven Mask
14264,Bloodwoven Pants
14265,Bloodwoven Wraps
14266,Bloodwoven Pads
14267,Bloodwoven Jerkin
14268,Gaea's Cuffs
14269,Gaea's Slippers
14270,Gaea's Cloak
14271,Gaea's Circlet
14272,Gaea's Handwraps
14273,Gaea's Amice
14274,Gaea's Leggings
14275,Gaea's Raiment
14276,Gaea's Belt
14277,Gaea's Tunic
14278,Opulent Mantle
14279,Opulent Bracers
14280,Opulent Cape
14281,Opulent Crown
14282,Opulent Gloves
14283,Opulent Leggings
14284,Opulent Robes
14285,Opulent Boots
14286,Opulent Belt
14287,Opulent Tunic
14288,Arachnidian Armor
14289,Arachnidian Girdle
14290,Arachnidian Footpads
14291,Arachnidian Bracelets
14292,Arachnidian Cape
14293,Arachnidian Circlet
14294,Arachnidian Gloves
14295,Arachnidian Legguards
14296,Arachnidian Pauldrons
14297,Arachnidian Robes
14298,Bonecaster's Spaulders
14299,Bonecaster's Boots
14300,Bonecaster's Cape
14301,Bonecaster's Bindings
14302,Bonecaster's Gloves
14303,Bonecaster's Shroud
14304,Bonecaster's Belt
14305,Bonecaster's Sarong
14306,Bonecaster's Vest
14307,Bonecaster's Crown
14309,Celestial Belt
14310,Celestial Slippers
14311,Celestial Bindings
14312,Celestial Crown
14313,Celestial Cape
14314,Celestial Handwraps
14315,Celestial Kilt
14316,Celestial Pauldrons
14319,Resplendent Boots
14320,Resplendent Bracelets
14321,Resplendent Cloak
14322,Resplendent Circlet
14323,Resplendent Gauntlets
14324,Resplendent Sarong
14325,Resplendent Epaulets
14326,Resplendent Robes
14327,Resplendent Belt
14330,Eternal Bindings
14331,Eternal Cloak
14333,Eternal Gloves
14337,Eternal Cord
14341,Rune Thread
14342,Mooncloth
14343,Small Brilliant Shard
14344,Large Brilliant Shard
14364,Mystic's Slippers
14365,Mystic's Cape
14366,Mystic's Bracelets
14367,Mystic's Gloves
14368,Mystic's Shoulder Pads
14369,Mystic's Wrap
14370,Mystic's Woolies
14371,Mystic's Robe
14372,Sanguine Armor
14373,Sanguine Belt
14374,Sanguine Sandals
14375,Sanguine Cuffs
14376,Sanguine Cape
14377,Sanguine Handwraps
14378,Sanguine Mantle
14379,Sanguine Trousers
14380,Sanguine Robe
14397,Resilient Mantle
14398,Resilient Tunic
14399,Resilient Boots
14400,Resilient Cape
14401,Resilient Cap
14402,Resilient Bands
14403,Resilient Handgrips
14404,Resilient Leggings
14405,Resilient Robe
14406,Resilient Cord
14407,Stonecloth Vest
14408,Stonecloth Boots
14409,Stonecloth Cape
14410,Stonecloth Circlet
14411,Stonecloth Gloves
14412,Stonecloth Epaulets
14413,Stonecloth Robe
14414,Stonecloth Belt
14415,Stonecloth Britches
14416,Stonecloth Bindings
14417,Silksand Tunic
14418,Silksand Boots
14419,Silksand Bracers
14420,Silksand Cape
14421,Silksand Circlet
14422,Silksand Gloves
14423,Silksand Shoulder Pads
14424,Silksand Legwraps
14425,Silksand Wraps
14426,Silksand Girdle
14427,Windchaser Wraps
14428,Windchaser Footpads
14429,Windchaser Cuffs
14430,Windchaser Cloak
14431,Windchaser Handguards
14432,Windchaser Amice
14433,Windchaser Woolies
14434,Windchaser Robes
14435,Windchaser Cinch
14436,Windchaser Coronet
14437,Venomshroud Vest
14438,Venomshroud Boots
14439,Venomshroud Armguards
14440,Venomshroud Cape
14441,Venomshroud Mask
14442,Venomshroud Mitts
14443,Venomshroud Mantle
14444,Venomshroud Leggings
14445,Venomshroud Silk Robes
14446,Venomshroud Belt
14447,Highborne Footpads
14448,Highborne Bracelets
14449,Highborne Crown
14450,Highborne Cloak
14451,Highborne Gloves
14452,Highborne Pauldrons
14453,Highborne Robes
14454,Highborne Cord
14455,Highborne Padded Armor
14457,Elunarian Cuffs
14458,Elunarian Boots
14459,Elunarian Cloak
14461,Elunarian Handgrips
14462,Elunarian Sarong
14463,Elunarian Spaulders
14465,Elunarian Belt
14466,Pattern: Frostweave Tunic
14467,Pattern: Frostweave Robe
14468,Pattern: Runecloth Bag
14469,Pattern: Runecloth Robe
14470,Pattern: Runecloth Tunic
14471,Pattern: Cindercloth Vest
14474,Pattern: Frostweave Gloves
14476,Pattern: Cindercloth Gloves
14477,Pattern: Ghostweave Gloves
14478,Pattern: Brightcloth Robe
14479,Pattern: Brightcloth Gloves
14480,Pattern: Ghostweave Vest
14482,Pattern: Cindercloth Cloak
14483,Pattern: Felcloth Pants
14484,Pattern: Brightcloth Cloak
14488,Pattern: Runecloth Boots
14490,Pattern: Cindercloth Pants
14491,Pattern: Runecloth Pants
14492,Pattern: Felcloth Boots
14494,Pattern: Brightcloth Pants
14496,Pattern: Felcloth Hood
14497,Pattern: Mooncloth Leggings
14498,Pattern: Runecloth Headband
14499,Pattern: Mooncloth Bag
14500,Pattern: Wizardweave Robe
14501,Pattern: Mooncloth Vest
14504,Pattern: Runecloth Shoulders
14505,Pattern: Wizardweave Turban
14507,Pattern: Mooncloth Shoulders
14508,Pattern: Felcloth Shoulders
14509,Pattern: Mooncloth Circlet
14510,Pattern: Bottomless Bag
14511,Pattern: Gloves of Spell Mastery
14512,Pattern: Truefaith Vestments
14513,Pattern: Robe of the Archmage
14514,Pattern: Robe of the Void
14526,Pattern: Mooncloth
14529,Runecloth Bandage
14530,Heavy Runecloth Bandage
14536,Bonebrace Hauberk
14549,Boots of Avoidance
14551,Edgemaster's Handguards
14552,Stockade Pauldrons
14553,Sash of Mercy
14554,Cloudkeeper Legplates
14555,Alcor's Sunrazor
14557,The Lion Horn of Stormwind
14559,Prospector's Sash
14560,Prospector's Boots
14561,Prospector's Cuffs
14562,Prospector's Chestpiece
14563,Prospector's Cloak
14564,Prospector's Mitts
14565,Prospector's Woolies
14566,Prospector's Pads
14567,Bristlebark Belt
14568,Bristlebark Boots
14569,Bristlebark Bindings
14570,Bristlebark Blouse
14571,Bristlebark Cape
14572,Bristlebark Gloves
14573,Bristlebark Amice
14574,Bristlebark Britches
14578,Dokebi Cord
14579,Dokebi Boots
14580,Dokebi Bracers
14581,Dokebi Chestguard
14582,Dokebi Cape
14583,Dokebi Gloves
14584,Dokebi Hat
14585,Dokebi Leggings
14587,Dokebi Mantle
14588,Hawkeye's Cord
14589,Hawkeye's Shoes
14590,Hawkeye's Bracers
14591,Hawkeye's Helm
14592,Hawkeye's Tunic
14593,Hawkeye's Cloak
14594,Hawkeye's Gloves
14595,Hawkeye's Breeches
14596,Hawkeye's Epaulets
14598,Warden's Waistband
14599,Warden's Footpads
14600,Warden's Wristbands
14601,Warden's Wraps
14602,Warden's Cloak
14603,Warden's Mantle
14604,Warden's Wizard Hat
14605,Warden's Woolies
14606,Warden's Gloves
14607,Hawkeye's Buckler
14608,Dokebi Buckler
14627,Pattern: Bright Yellow Shirt
14630,Pattern: Enchanter's Cowl
14634,Recipe: Frost Oil
14635,Pattern: Gem-studded Leather Belt
14639,Schematic: Minor Recombobulator
14652,Scorpashi Sash
14653,Scorpashi Slippers
14654,Scorpashi Wristbands
14655,Scorpashi Breastplate
14656,Scorpashi Cape
14657,Scorpashi Gloves
14658,Scorpashi Skullcap
14659,Scorpashi Leggings
14660,Scorpashi Shoulder Pads
14661,Keeper's Cord
14662,Keeper's Hooves
14663,Keeper's Bindings
14664,Keeper's Armor
14665,Keeper's Cloak
14666,Keeper's Gloves
14667,Keeper's Wreath
14668,Keeper's Woolies
14669,Keeper's Mantle
14670,Pridelord Armor
14671,Pridelord Boots
14672,Pridelord Bands
14673,Pridelord Cape
14674,Pridelord Girdle
14675,Pridelord Gloves
14676,Pridelord Halo
14677,Pridelord Pants
14678,Pridelord Pauldrons
14682,Indomitable Armguards
14683,Indomitable Cloak
14684,Indomitable Belt
14688,Indomitable Epaulets
14722,War Paint Anklewraps
14723,War Paint Bindings
14724,War Paint Cloak
14725,War Paint Waistband
14726,War Paint Gloves
14727,War Paint Legguards
14728,War Paint Shoulder Pads
14729,War Paint Shield
14730,War Paint Chestpiece
14742,Hulking Boots
14743,Hulking Bands
14744,Hulking Chestguard
14745,Hulking Cloak
14746,Hulking Belt
14747,Hulking Gauntlets
14748,Hulking Leggings
14749,Hulking Spaulders
14750,Slayer's Cuffs
14751,Slayer's Surcoat
14752,Slayer's Cape
14753,Slayer's Skullcap
14754,Slayer's Gloves
14755,Slayer's Sash
14756,Slayer's Slippers
14757,Slayer's Pants
14758,Slayer's Shoulderguards
14759,Enduring Bracers
14760,Enduring Breastplate
14761,Enduring Belt
14762,Enduring Boots
14763,Enduring Cape
14764,Enduring Gauntlets
14765,Enduring Circlet
14766,Enduring Breeches
14767,Enduring Pauldrons
14768,Ravager's Armor
14769,Ravager's Sandals
14770,Ravager's Armguards
14771,Ravager's Cloak
14772,Ravager's Handwraps
14773,Ravager's Cord
14774,Ravager's Crown
14775,Ravager's Woolies
14776,Ravager's Mantle
14777,Ravager's Shield
14778,Khan's Bindings
14779,Khan's Chestpiece
14780,Khan's Buckler
14781,Khan's Cloak
14782,Khan's Gloves
14783,Khan's Belt
14784,Khan's Greaves
14785,Khan's Helmet
14786,Khan's Legguards
14787,Khan's Mantle
14788,Protector Armguards
14789,Protector Breastplate
14790,Protector Buckler
14791,Protector Cape
14792,Protector Gauntlets
14793,Protector Waistband
14794,Protector Ankleguards
14795,Protector Helm
14796,Protector Legguards
14797,Protector Pads
14798,Bloodlust Breastplate
14799,Bloodlust Boots
14801,Bloodlust Cape
14802,Bloodlust Gauntlets
14803,Bloodlust Belt
14804,Bloodlust Helm
14805,Bloodlust Britches
14806,Bloodlust Epaulets
14807,Bloodlust Bracelets
14808,Warstrike Belt
14810,Warstrike Armsplints
14811,Warstrike Chestguard
14813,Warstrike Cape
14821,Symbolic Breastplate
14825,Symbolic Crest
14826,Symbolic Gauntlets
14827,Symbolic Belt
14828,Symbolic Greaves
14829,Symbolic Legplates
14830,Symbolic Pauldrons
14831,Symbolic Crown
14832,Symbolic Vambraces
14833,Tyrant's Gauntlets
14834,Tyrant's Armguards
14835,Tyrant's Chestpiece
14838,Tyrant's Belt
14839,Tyrant's Greaves
14840,Tyrant's Legplates
14841,Tyrant's Epaulets
14842,Tyrant's Shield
14843,Tyrant's Helm
14844,Sunscale Chestguard
14846,Sunscale Gauntlets
14847,Sunscale Belt
14848,Sunscale Sabatons
14849,Sunscale Helmet
14850,Sunscale Legplates
14851,Sunscale Spaulders
14852,Sunscale Shield
14853,Sunscale Wristguards
14854,Vanguard Breastplate
14855,Vanguard Gauntlets
14856,Vanguard Girdle
14857,Vanguard Sabatons
14858,Vanguard Headdress
14859,Vanguard Legplates
14860,Vanguard Pauldrons
14861,Vanguard Vambraces
14863,Warleader's Gauntlets
14864,Warleader's Belt
14867,Warleader's Leggings
14868,Warleader's Shoulders
14869,Warleader's Bracers
14895,Saltstone Surcoat
14896,Saltstone Sabatons
14897,Saltstone Gauntlets
14898,Saltstone Girdle
14899,Saltstone Helm
14900,Saltstone Legplates
14901,Saltstone Shoulder Pads
14902,Saltstone Shield
14903,Saltstone Armsplints
14904,Brutish Breastplate
14905,Brutish Gauntlets
14906,Brutish Belt
14907,Brutish Helmet
14908,Brutish Legguards
14909,Brutish Shoulders
14910,Brutish Armguards
14911,Brutish Boots
14912,Brutish Shield
14913,Jade Greaves
14914,Jade Bracers
14915,Jade Breastplate
14916,Jade Deflector
14917,Jade Gauntlets
14918,Jade Belt
14919,Jade Circlet
14920,Jade Legplates
14921,Jade Epaulets
14922,Lofty Sabatons
14923,Lofty Armguards
14924,Lofty Breastplate
14925,Lofty Helm
14926,Lofty Gauntlets
14927,Lofty Belt
14928,Lofty Legguards
14929,Lofty Shoulder Pads
14930,Lofty Shield
14932,Heroic Greaves
14933,Heroic Gauntlets
14934,Heroic Girdle
14935,Heroic Skullcap
14936,Heroic Legplates
14937,Heroic Pauldrons
14938,Heroic Bracers
14939,Warbringer's Chestguard
14940,Warbringer's Sabatons 
14941,Warbringer's Armsplints
14942,Warbringer's Gauntlets
14943,Warbringer's Belt
14944,Warbringer's Crown
14945,Warbringer's Legguards
14946,Warbringer's Spaulders
14947,Warbringer's Shield
14948,Bloodforged Chestpiece
14949,Bloodforged Gauntlets
14950,Bloodforged Belt
14951,Bloodforged Sabatons
14952,Bloodforged Helmet
14953,Bloodforged Legplates
14954,Bloodforged Shield
14955,Bloodforged Shoulder Pads
14956,Bloodforged Bindings
14957,High Chief's Sabatons
14958,High Chief's Armor
14959,High Chief's Gauntlets
14960,High Chief's Belt
14961,High Chief's Crown
14962,High Chief's Legguards
14963,High Chief's Pauldrons
14964,High Chief's Shield
14965,High Chief's Bindings
14966,Glorious Breastplate
14967,Glorious Gauntlets
14968,Glorious Belt
14969,Glorious Headdress
14970,Glorious Legplates
14971,Glorious Shoulder Pads
14972,Glorious Sabatons
14973,Glorious Shield
14974,Glorious Bindings
14977,Exalted Girdle
14979,Exalted Helmet
14983,Exalted Armsplints
15003,Primal Belt
15004,Primal Boots
15005,Primal Bands
15006,Primal Buckler
15007,Primal Cape
15008,Primal Mitts
15009,Primal Leggings
15010,Primal Wraps
15011,Lupine Cord
15012,Lupine Slippers
15013,Lupine Cuffs
15014,Lupine Buckler
15015,Lupine Cloak
15016,Lupine Handwraps
15017,Lupine Leggings
15018,Lupine Vest
15019,Lupine Mantle
15045,Green Dragonscale Breastplate
15046,Green Dragonscale Leggings
15047,Red Dragonscale Breastplate
15048,Blue Dragonscale Breastplate
15050,Black Dragonscale Breastplate
15051,Black Dragonscale Shoulders
15052,Black Dragonscale Leggings
15054,Volcanic Leggings
15056,Stormshroud Armor
15057,Stormshroud Pants
15058,Stormshroud Shoulders
15059,Living Breastplate
15060,Living Leggings
15061,Living Shoulders
15062,Devilsaur Leggings
15063,Devilsaur Gauntlets
15064,Warbear Harness
15065,Warbear Woolies
15066,Ironfeather Breastplate
15067,Ironfeather Shoulders
15069,Frostsaber Leggings
15070,Frostsaber Gloves
15071,Frostsaber Boots
15072,Chimeric Leggings
15073,Chimeric Boots
15074,Chimeric Gloves
15075,Chimeric Vest
15076,Heavy Scorpid Vest
15077,Heavy Scorpid Bracers
15079,Heavy Scorpid Leggings
15080,Heavy Scorpid Helm
15082,Heavy Scorpid Belt
15083,Wicked Leather Gauntlets
15084,Wicked Leather Bracers
15086,Wicked Leather Headband
15087,Wicked Leather Pants
15088,Wicked Leather Belt
15090,Runic Leather Armor
15091,Runic Leather Gauntlets
15092,Runic Leather Bracers
15093,Runic Leather Belt
15094,Runic Leather Headband
15095,Runic Leather Pants
15096,Runic Leather Shoulders
15110,Rigid Belt
15111,Rigid Moccasins
15112,Rigid Bracelets
15113,Rigid Buckler
15114,Rigid Cape
15115,Rigid Gloves
15116,Rigid Shoulders
15117,Rigid Leggings
15118,Rigid Tunic
15119,Highborne Pants
15120,Robust Girdle
15121,Robust Boots
15122,Robust Bracers
15123,Robust Buckler
15124,Robust Cloak
15125,Robust Gloves
15126,Robust Leggings
15127,Robust Shoulders
15128,Robust Tunic
15129,Robust Helm
15130,Cutthroat's Vest
15131,Cutthroat's Boots
15132,Cutthroat's Armguards
15133,Cutthroat's Buckler
15134,Cutthroat's Hat
15135,Cutthroat's Cape
15136,Cutthroat's Belt
15137,Cutthroat's Mitts
15138,Onyxia Scale Cloak
15139,Cutthroat's Pants
15140,Cutthroat's Mantle
15142,Ghostwalker Boots
15143,Ghostwalker Bindings
15144,Ghostwalker Rags
15145,Ghostwalker Buckler
15146,Ghostwalker Crown
15147,Ghostwalker Cloak
15148,Ghostwalker Belt
15149,Ghostwalker Gloves
15150,Ghostwalker Pads
15151,Ghostwalker Legguards
15152,Nocturnal Shoes
15153,Nocturnal Cloak
15154,Nocturnal Sash
15155,Nocturnal Gloves
15156,Nocturnal Cap
15157,Nocturnal Leggings
15158,Nocturnal Shoulder Pads
15159,Nocturnal Tunic
15160,Nocturnal Wristbands
15161,Imposing Belt
15162,Imposing Boots
15163,Imposing Bracers
15164,Imposing Vest
15165,Imposing Cape
15166,Imposing Gloves
15167,Imposing Bandana
15168,Imposing Pants
15169,Imposing Shoulders
15170,Potent Armor
15171,Potent Boots
15172,Potent Bands
15173,Potent Cape
15174,Potent Gloves
15175,Potent Helmet
15176,Potent Pants
15177,Potent Shoulders
15178,Potent Belt
15179,Praetorian Padded Armor
15180,Praetorian Girdle
15181,Praetorian Boots
15182,Praetorian Wristbands
15183,Praetorian Cloak
15184,Praetorian Gloves
15185,Praetorian Coif
15186,Praetorian Leggings
15187,Praetorian Pauldrons
15188,Grand Armguards
15189,Grand Boots
15190,Grand Cloak
15191,Grand Belt
15192,Grand Gauntlets
15194,Grand Legguards
15195,Grand Breastplate
15210,Raider Shortsword
15211,Militant Shortsword
15212,Fighter Broadsword
15213,Mercenary Blade
15214,Nobles Brand
15215,Furious Falchion
15216,Rune Sword
15217,Widow Blade
15218,Crystal Sword
15219,Dimensional Blade
15220,Battlefell Sabre
15221,Holy War Sword
15222,Barbed Club
15223,Jagged Star
15224,Battlesmasher
15225,Sequoia Hammer
15226,Giant Club
15227,Diamond-Tip Bludgeon
15228,Smashing Star
15229,Blesswind Hammer
15230,Ridge Cleaver
15231,Splitting Hatchet
15232,Hacking Cleaver
15233,Savage Axe
15234,Greater Scythe
15235,Crescent Edge
15236,Moon Cleaver
15237,Corpse Harvester
15238,Warlord's Axe
15239,Felstone Reaver
15240,Demon's Claw
15241,Battle Knife
15242,Honed Stiletto
15243,Deadly Kris
15244,Razor Blade
15245,Vorpal Dagger
15246,Demon Blade
15247,Bloodstrike Dagger
15248,Gleaming Claymore
15249,Polished Zweihander
15250,Glimmering Flamberge
15251,Headstriker Sword
15252,Tusker Sword
15253,Beheading Blade
15254,Dark Espadon
15255,Gallant Flamberge
15256,Massacre Sword
15257,Shin Blade
15258,Divine Warblade
15259,Hefty Battlehammer
15260,Stone Hammer
15261,Sequoia Branch
15262,Greater Maul
15263,Royal Mallet
15264,Backbreaker
15265,Painbringer
15266,Fierce Mauler
15267,Brutehammer
15268,Twin-bladed Axe
15269,Massive Battle Axe
15270,Gigantic War Axe
15271,Colossal Great Axe
15272,Razor Axe
15273,Death Striker
15274,Diviner Long Staff
15275,Thaumaturgist Staff
15276,Magus Long Staff
15278,Solstice Staff
15279,Ivory Wand
15280,Wizard's Hand
15281,Glowstar Rod
15282,Dragon Finger
15283,Lunar Wand
15284,Long Battle Bow
15285,Archer's Longbow
15286,Long Redwood Bow
15287,Crusader Bow
15288,Blasthorn Bow
15289,Archstrike Bow
15291,Harpy Needler
15294,Siege Bow
15295,Quillfire Bow
15296,Hawkeye Bow
15297,Grizzly Bracers
15298,Grizzly Buckler
15299,Grizzly Cape
15300,Grizzly Gloves
15301,Grizzly Slippers
15302,Grizzly Belt
15303,Grizzly Pants
15304,Grizzly Jerkin
15305,Feral Shoes
15306,Feral Bindings
15307,Feral Buckler
15308,Feral Cord
15309,Feral Cloak
15310,Feral Gloves
15311,Feral Harness
15312,Feral Leggings
15313,Feral Shoulder Pads
15322,Smoothbore Gun
15323,Percussion Shotgun
15324,Burnside Rifle
15325,Sharpshooter Harquebus
15329,Wrangler's Belt
15330,Wrangler's Boots
15331,Wrangler's Wristbands
15332,Wrangler's Buckler
15333,Wrangler's Cloak
15334,Wrangler's Gloves
15336,Wrangler's Leggings
15337,Wrangler's Wraps
15338,Wrangler's Mantle
15339,Pathfinder Hat
15340,Pathfinder Cloak
15341,Pathfinder Footpads
15342,Pathfinder Guard
15343,Pathfinder Gloves
15344,Pathfinder Pants
15345,Pathfinder Shoulder Pads
15346,Pathfinder Vest
15347,Pathfinder Belt
15348,Pathfinder Bracers
15349,Headhunter's Belt
15350,Headhunter's Slippers
15351,Headhunter's Bands
15352,Headhunter's Buckler
15353,Headhunter's Headdress
15354,Headhunter's Cloak
15355,Headhunter's Mitts
15356,Headhunter's Armor
15357,Headhunter's Spaulders
15358,Headhunter's Woolies
15359,Trickster's Vest
15360,Trickster's Bindings
15361,Trickster's Sash
15362,Trickster's Boots
15363,Trickster's Headdress
15364,Trickster's Cloak
15365,Trickster's Handwraps
15366,Trickster's Leggings
15367,Trickster's Protector
15368,Trickster's Pauldrons
15369,Wolf Rider's Belt
15370,Wolf Rider's Boots
15371,Wolf Rider's Cloak
15372,Wolf Rider's Gloves
15373,Wolf Rider's Headgear
15374,Wolf Rider's Leggings
15375,Wolf Rider's Shoulder Pads
15376,Wolf Rider's Padded Armor
15377,Wolf Rider's Wristbands
15378,Rageclaw Belt
15379,Rageclaw Boots
15380,Rageclaw Bracers
15381,Rageclaw Chestguard
15382,Rageclaw Cloak
15383,Rageclaw Gloves
15384,Rageclaw Helm
15385,Rageclaw Leggings
15386,Rageclaw Shoulder Pads
15387,Jadefire Bracelets
15388,Jadefire Belt
15389,Jadefire Sabatons
15390,Jadefire Chestguard
15391,Jadefire Cap
15392,Jadefire Cloak
15393,Jadefire Gloves
15394,Jadefire Pants
15395,Jadefire Epaulets
15407,Cured Rugged Hide
15408,Heavy Scorpid Scale
15409,Refined Deeprock Salt
15410,Scale of Onyxia
15412,Green Dragonscale
15414,Red Dragonscale
15415,Blue Dragonscale
15416,Black Dragonscale
15417,Devilsaur Leather
15419,Warbear Leather
15420,Ironfeather
15422,Frostsaber Leather
15423,Chimera Leather
15425,Peerless Bracers
15426,Peerless Boots
15427,Peerless Cloak
15428,Peerless Belt
15429,Peerless Gloves
15430,Peerless Headband
15431,Peerless Leggings
15432,Peerless Shoulders
15433,Peerless Armor
15434,Supreme Sash
15436,Supreme Bracers
15437,Supreme Cape
15472,Charger's Belt
15473,Charger's Boots
15474,Charger's Bindings
15475,Charger's Cloak
15476,Charger's Handwraps
15477,Charger's Pants
15478,Charger's Shield
15479,Charger's Armor
15480,War Torn Girdle
15481,War Torn Greaves
15482,War Torn Bands
15483,War Torn Cape
15484,War Torn Handgrips
15485,War Torn Pants
15486,War Torn Shield
15487,War Torn Tunic
15488,Bloodspattered Surcoat
15489,Bloodspattered Sabatons
15490,Bloodspattered Cloak
15491,Bloodspattered Gloves
15492,Bloodspattered Sash
15493,Bloodspattered Loincloth
15494,Bloodspattered Shield
15495,Bloodspattered Wristbands
15496,Bloodspattered Shoulder Pads
15497,Outrunner's Cord
15498,Outrunner's Slippers
15499,Outrunner's Cuffs
15500,Outrunner's Chestguard
15501,Outrunner's Cloak
15502,Outrunner's Gloves
15503,Outrunner's Legguards
15504,Outrunner's Shield
15505,Outrunner's Pauldrons
15506,Grunt's AnkleWraps
15507,Grunt's Bracers
15508,Grunt's Cape
15509,Grunt's Handwraps
15510,Grunt's Belt
15511,Grunt's Legguards
15512,Grunt's Shield
15513,Grunt's Pauldrons
15514,Grunt's Chestpiece
15515,Spiked Chain Belt
15516,Spiked Chain Slippers
15517,Spiked Chain Wristbands
15518,Spiked Chain Breastplate
15519,Spiked Chain Cloak
15520,Spiked Chain Gauntlets
15521,Spiked Chain Leggings
15522,Spiked Chain Shield
15523,Spiked Chain Shoulder Pads
15524,Sentry's Surcoat
15525,Sentry's Slippers
15526,Sentry's Cape
15527,Sentry's Gloves
15528,Sentry's Sash
15529,Sentry's Leggings
15530,Sentry's Shield
15531,Sentry's Shoulderguards
15532,Sentry's Armsplints
15533,Sentry's Headdress
15534,Wicked Chain Boots
15535,Wicked Chain Bracers
15536,Wicked Chain Chestpiece
15537,Wicked Chain Cloak
15538,Wicked Chain Gauntlets
15539,Wicked Chain Waistband
15540,Wicked Chain Helmet
15541,Wicked Chain Legguards
15542,Wicked Chain Shoulder Pads
15543,Wicked Chain Shield
15544,Thick Scale Sabatons
15545,Thick Scale Bracelets
15546,Thick Scale Breastplate
15547,Thick Scale Cloak
15548,Thick Scale Gauntlets
15549,Thick Scale Belt
15550,Thick Scale Crown
15551,Thick Scale Legguards
15552,Thick Scale Shield
15553,Thick Scale Shoulder Pads
15554,Pillager's Girdle
15555,Pillager's Boots
15556,Pillager's Bracers
15557,Pillager's Chestguard
15558,Pillager's Crown
15559,Pillager's Cloak
15560,Pillager's Gloves
15561,Pillager's Leggings
15562,Pillager's Pauldrons
15563,Pillager's Shield
15564,Rugged Armor Kit
15565,Marauder's Boots
15566,Marauder's Bracers
15567,Marauder's Tunic
15568,Marauder's Cloak
15569,Marauder's Crest
15570,Marauder's Gauntlets
15571,Marauder's Belt
15572,Marauder's Circlet
15573,Marauder's Leggings
15574,Marauder's Shoulder Pads
15575,Sparkleshell Belt
15576,Sparkleshell Sabatons
15577,Sparkleshell Bracers
15578,Sparkleshell Breastplate
15579,Sparkleshell Cloak
15580,Sparkleshell Headwrap
15581,Sparkleshell Gauntlets
15582,Sparkleshell Legguards
15583,Sparkleshell Shoulder Pads
15584,Sparkleshell Shield
15589,Steadfast Stompers
15590,Steadfast Bracelets
15591,Steadfast Breastplate
15592,Steadfast Buckler
15593,Steadfast Coronet
15594,Steadfast Cloak
15595,Steadfast Gloves
15596,Steadfast Legplates
15597,Steadfast Shoulders
15598,Steadfast Girdle
15599,Ancient Greaves
15600,Ancient Vambraces
15601,Ancient Chestpiece
15602,Ancient Crown
15603,Ancient Cloak
15604,Ancient Defender
15605,Ancient Gauntlets
15606,Ancient Belt
15607,Ancient Legguards
15608,Ancient Pauldrons
15609,Bonelink Armor
15610,Bonelink Bracers
15611,Bonelink Cape
15612,Bonelink Gauntlets
15613,Bonelink Belt
15614,Bonelink Sabatons
15615,Bonelink Helmet
15616,Bonelink Legplates
15617,Bonelink Epaulets
15618,Bonelink Wall Shield
15619,Gryphon Mail Belt
15620,Gryphon Mail Bracelets
15621,Gryphon Mail Buckler
15622,Gryphon Mail Breastplate
15623,Gryphon Mail Crown
15624,Gryphon Cloak
15625,Gryphon Mail Gauntlets
15626,Gryphon Mail Greaves
15627,Gryphon Mail Legguards
15628,Gryphon Mail Pauldrons
15629,Formidable Bracers
15630,Formidable Sabatons
15631,Formidable Chestpiece
15632,Formidable Cape
15633,Formidable Crest
15634,Formidable Circlet
15635,Formidable Gauntlets
15636,Formidable Belt
15637,Formidable Legguards
15638,Formidable Shoulder Pads
15639,Ironhide Bracers
15640,Ironhide Breastplate
15641,Ironhide Belt
15642,Ironhide Greaves
15643,Ironhide Cloak
15644,Ironhide Gauntlets
15645,Ironhide Helmet
15646,Ironhide Legguards
15647,Ironhide Pauldrons
15648,Ironhide Shield
15649,Merciless Bracers
15650,Merciless Surcoat
15651,Merciless Crown
15652,Merciless Cloak
15653,Merciless Gauntlets
15654,Merciless Belt
15655,Merciless Legguards
15656,Merciless Epaulets
15657,Merciless Shield
15658,Impenetrable Sabatons
15659,Impenetrable Bindings
15660,Impenetrable Breastplate
15661,Impenetrable Cloak
15662,Impenetrable Gauntlets
15663,Impenetrable Belt
15664,Impenetrable Helmet
15665,Impenetrable Legguards
15666,Impenetrable Pauldrons
15668,Magnificent Bracers
15671,Magnificent Cloak
15672,Magnificent Gauntlets
15673,Magnificent Belt
15674,Magnificent Greaves
15676,Magnificent Leggings
15679,Triumphant Bracers
15681,Triumphant Cloak
15683,Triumphant Girdle
15693,Grand Shoulders
15694,Merciless Greaves
15696,Ruined Tome
15724,Pattern: Heavy Scorpid Bracers
15725,Pattern: Wicked Leather Gauntlets
15726,Pattern: Green Dragonscale Breastplate
15727,Pattern: Heavy Scorpid Vest
15728,Pattern: Wicked Leather Bracers
15729,Pattern: Chimeric Gloves
15731,Pattern: Runic Leather Gauntlets
15732,Pattern: Volcanic Leggings
15733,Pattern: Green Dragonscale Leggings
15734,Pattern: Living Shoulders
15735,Pattern: Ironfeather Shoulders
15737,Pattern: Chimeric Boots
15738,Pattern: Heavy Scorpid Gauntlets
15739,Pattern: Runic Leather Bracers
15740,Pattern: Frostsaber Boots
15741,Pattern: Stormshroud Pants
15742,Pattern: Warbear Harness
15743,Pattern: Heavy Scorpid Belt
15746,Pattern: Chimeric Leggings
15747,Pattern: Frostsaber Leggings
15748,Pattern: Heavy Scorpid Leggings
15749,Pattern: Volcanic Breastplate
15751,Pattern: Blue Dragonscale Breastplate
15752,Pattern: Living Leggings
15753,Pattern: Stormshroud Armor
15755,Pattern: Chimeric Vest
15757,Pattern: Wicked Leather Pants
15758,Pattern: Devilsaur Gauntlets
15759,Pattern: Black Dragonscale Breastplate
15760,Pattern: Ironfeather Breastplate
15761,Pattern: Frostsaber Gloves
15762,Pattern: Heavy Scorpid Helm
15763,Pattern: Blue Dragonscale Shoulders
15764,Pattern: Stormshroud Shoulders
15765,Pattern: Runic Leather Pants
15768,Pattern: Wicked Leather Belt
15770,Pattern: Black Dragonscale Shoulders
15771,Pattern: Living Breastplate
15772,Pattern: Devilsaur Leggings
15773,Pattern: Wicked Leather Armor
15774,Pattern: Heavy Scorpid Shoulders
15775,Pattern: Volcanic Shoulders
15776,Pattern: Runic Leather Armor
15779,Pattern: Frostsaber Tunic
15781,Pattern: Black Dragonscale Leggings
15794,Ripped Ogre Loincloth
15802,Mooncloth Boots
15807,Light Crossbow
15846,Salt Shaker
15869,Silver Skeleton Key
15870,Golden Skeleton Key
15871,Truesilver Skeleton Key
15872,Arcanite Skeleton Key
15890,Vanguard Shield
15891,Hulking Shield
15892,Slayer's Shield
15893,Prospector's Buckler
15894,Bristlebark Buckler
15895,Burnt Buckler
15905,Right-Handed Brass Knuckles
15906,Left-Handed Brass Knuckles
15912,Buccaneer's Orb
15918,Conjurer's Sphere
15925,Journeyman's Stave
15926,Spellbinder Orb
15927,Bright Sphere
15928,Silver-thread Rod
15929,Nightsky Orb
15930,Imperial Red Scepter
15931,Arcane Star
15932,Disciple's Stein
15933,Simple Branch
15934,Sage's Stave
15935,Durable Rod
15936,Duskwoven Branch
15937,Hibernal Sphere
15938,Mystical Orb
15939,Councillor's Scepter
15940,Elegant Scepter
15941,High Councillor's Scepter
15942,Master's Rod
15943,Imbued Shield
15944,Ancestral Orb
15945,Runic Stave
15946,Mystic's Sphere
15947,Sanguine Star
15962,Satyr's Rod
15963,Stonecloth Branch
15964,Silksand Star
15965,Windchaser Orb
15966,Venomshroud Orb
15967,Highborne Star
15969,Beaded Orb
15970,Native Branch
15971,Aboriginal Rod
15972,Ritual Stein
15973,Watcher's Star
15974,Pagan Rod
15975,Raincaller Scepter
15976,Thistlefur Branch
15977,Vital Orb
15978,Geomancer's Rod
15979,Embersilk Stave
15980,Darkmist Orb
15981,Lunar Sphere
15982,Bloodwoven Rod
15983,Gaea's Scepter
15984,Opulent Scepter
15985,Arachnidian Branch
15986,Bonecaster's Star
15987,Astral Orb
15990,Enduring Shield
15992,Dense Blasting Powder
15993,Thorium Grenade
15994,Thorium Widget
15995,Thorium Rifle
15996,Lifelike Mechanical Toad
15997,Thorium Shells
15999,Spellpower Goggles Xtreme Plus
16000,Thorium Tube
16004,Dark Iron Rifle
16005,Dark Iron Bomb
16006,Delicate Arcanite Converter
16007,Flawless Arcanite Rifle
16009,Voice Amplification Modulator
16022,Arcanite Dragonling
16023,Masterwork Target Dummy
16039,Ta'Kierthan Songblade
16040,Arcane Bomb
16041,Schematic: Thorium Grenade
16042,Schematic: Thorium Widget
16043,Schematic: Thorium Rifle
16044,Schematic: Lifelike Mechanical Toad
16045,Schematic: Spellpower Goggles Xtreme Plus
16046,Schematic: Masterwork Target Dummy
16047,Schematic: Thorium Tube
16048,Schematic: Dark Iron Rifle
16049,Schematic: Dark Iron Bomb
16050,Schematic: Delicate Arcanite Converter
16051,Schematic: Thorium Shells
16052,Schematic: Voice Amplification Modulator
16053,Schematic: Master Engineer's Goggles
16054,Schematic: Arcanite Dragonling
16055,Schematic: Arcane Bomb
16056,Schematic: Flawless Arcanite Rifle
16059,Common Brown Shirt
16060,Common White Shirt
16072,Expert Cookbook
16083,Expert Fishing - The Bass and You
16084,Expert First Aid - Under Wraps
16110,Recipe: Monster Omelet
16111,Recipe: Spiced Chili Crab
16112,Manual: Heavy Silk Bandage
16113,Manual: Mageweave Bandage
16202,Lesser Eternal Essence
16203,Greater Eternal Essence
16204,Illusion Dust
16206,Arcanite Rod
16215,Formula: Enchant Boots - Greater Stamina
16216,Formula: Enchant Cloak - Greater Resistance
16218,Formula: Enchant Bracer - Superior Spirit
16219,Formula: Enchant Gloves - Greater Agility
16220,Formula: Enchant Boots - Spirit
16221,Formula: Enchant Chest - Major Health
16223,Formula: Enchant Weapon - Icy Chill
16224,Formula: Enchant Cloak - Superior Defense
16243,Formula: Runed Arcanite Rod
16244,Formula: Enchant Gloves - Greater Strength
16245,Formula: Enchant Boots - Greater Agility
16246,Formula: Enchant Bracer - Superior Strength
16247,Formula: Enchant 2H Weapon - Superior Impact
16248,Formula: Enchant Weapon - Unholy
16249,Formula: Enchant 2H Weapon - Major Intellect
16250,Formula: Enchant Weapon - Superior Striking
16251,Formula: Enchant Bracer - Superior Stamina
16252,Formula: Enchant Weapon - Crusader
16253,Formula: Enchant Chest - Greater Stats
16254,Formula: Enchant Weapon - Lifestealing
16255,Formula: Enchant 2H Weapon - Major Spirit
16583,Demonic Figurine
16645,Shredder Operating Manual - Page 1
16646,Shredder Operating Manual - Page 2
16647,Shredder Operating Manual - Page 3
16648,Shredder Operating Manual - Page 4
16649,Shredder Operating Manual - Page 5
16650,Shredder Operating Manual - Page 6
16651,Shredder Operating Manual - Page 7
16652,Shredder Operating Manual - Page 8
16653,Shredder Operating Manual - Page 9
16654,Shredder Operating Manual - Page 10
16655,Shredder Operating Manual - Page 11
16656,Shredder Operating Manual - Page 12
16671,Bindings of Elements
16672,Gauntlets of Elements
16673,Cord of Elements
16676,Beaststalker's Gloves
16680,Beaststalker's Belt
16681,Beaststalker's Bindings
16683,Magister's Bindings
16684,Magister's Gloves
16685,Magister's Belt
16692,Devout Gloves
16696,Devout Belt
16697,Devout Bracers
16702,Dreadmist Belt
16703,Dreadmist Bracers
16705,Dreadmist Wraps
16710,Shadowcraft Bracers
16712,Shadowcraft Gloves
16713,Shadowcraft Belt
16714,Wildheart Bracers
16716,Wildheart Belt
16717,Wildheart Gloves
16722,Lightforge Bracers
16723,Lightforge Belt
16724,Lightforge Gauntlets
16735,Bracers of Valor
16736,Belt of Valor
16737,Gauntlets of Valor
16748,Padded Lining
16766,Undermine Clam Chowder
16767,Recipe: Undermine Clam Chowder
16799,Arcanist Bindings
16802,Arcanist Belt
16817,Girdle of Prophecy
16819,Vambraces of Prophecy
16825,Nightslayer Bracelets
16827,Nightslayer Belt
16828,Cenarion Belt
16830,Cenarion Bracers
16838,Earthfury Belt
16840,Earthfury Bracers
16850,Giantstalker's Bracers
16851,Giantstalker's Belt
16857,Lawbringer Bracers
16858,Lawbringer Belt
16861,Bracers of Might
16971,Clamlette Surprise
17007,Stonerender Gauntlets
17010,Fiery Core
17011,Lava Core
17012,Core Leather
17013,Dark Iron Leggings
17020,Arcane Powder
17021,Wild Berries
17026,Wild Thornroot
17028,Holy Candle
17029,Sacred Candle
17030,Ankh
17031,Rune of Teleportation
17032,Rune of Portals
17033,Symbol of Divinity
17034,Maple Seed
17035,Stranglethorn Seed
17036,Ashwood Seed
17037,Hornbeam Seed
17038,Ironwood Seed
17050,Chan's Imperial Robes
17054,Joonho's Mercy
17055,Changuk Smasher
17056,Light Feather
17057,Shiny Fish Scales
17058,Fish Oil
17061,Juno's Shadow
17062,Recipe: Mithril Head Trout
17183,Dented Buckler
17185,Round Buckler
17187,Banded Buckler
17189,Metal Buckler
17194,Holiday Spices
17196,Holiday Spirits
17197,Gingerbread Cookie
17198,Egg Nog
17200,Recipe: Gingerbread Cookie
17201,Recipe: Egg Nog
17202,Snowball
17203,Sulfuron Ingot
17222,Spider Sausage
17303,Blue Ribboned Wrapping Paper
17304,Green Ribboned Wrapping Paper
17307,Purple Ribboned Wrapping Paper
17344,Candy Cane
17403,Steamwheedle Fizzy Spirits
17404,Blended Bean Brew
17406,Holiday Cheesewheel
17407,Graccu's Homemade Meat Pie
17413,Codex: Prayer of Fortitude
17414,Codex: Prayer of Fortitude II
17682,Book: Gift of the Wild
17683,Book: Gift of the Wild II
17704,Edge of Winter
17706,Plans: Edge of Winter
17708,Elixir of Frost Power
17709,Recipe: Elixir of Frost Power
17716,Snowmaster 9000
17720,Schematic: Snowmaster 9000
17721,Gloves of the Greatfather
17722,Pattern: Gloves of the Greatfather
17723,Green Holiday Shirt
17724,Pattern: Green Holiday Shirt
17725,Formula: Enchant Weapon - Winter's Might
17747,Razorlash Root
17781,The Pariah's Instructions
17922,Lionfur Armor
18042,Thorium Headed Arrow
18045,Tender Wolf Steak
18046,Recipe: Tender Wolf Steak
18168,Force Reactive Disk
18222,Thorny Vine
18223,Serrated Petal
18224,Lasher Root
18227,Nubless Pacifier
18229,Nat Pagle's Guide to Extreme Anglin'
18230,Broken I.W.I.N. Button
18231,Sleeveless T-Shirt
18232,Field Repair Bot 74A
18238,Shadowskin Gloves
18239,Pattern: Shadowskin Gloves
18253,Major Rejuvenation Potion
18254,Runn Tum Tuber Surprise
18255,Runn Tum Tuber
18256,Imbued Vial
18258,Gordok Ogre Suit
18262,Elemental Sharpening Stone
18283,Biznicks 247x128 Accurascope
18288,Molasses Firewater
18289,Barbed Thorn Necklace
18294,Elixir of Greater Water Breathing
18295,Phasing Boots
18296,Marksman Bands
18298,Unbridled Leggings
18300,Hyjal Nectar
18332,Libram of Rapidity
18333,Libram of Focus
18334,Libram of Protection
18335,Pristine Black Diamond
18337,Orphic Bracers
18338,Wand of Arcane Potency
18339,Eidolon Cloak
18340,Eidolon Talisman
18343,Petrified Band
18344,Stonebark Gauntlets
18356,Garona: A Study on Stealth and Treachery
18357,Codex of Defense
18358,The Arcanist's Cookbook
18359,The Light and How to Swing It
18360,Harnessing Shadows
18361,The Greatest Race of Hunters
18362,Holy Bologna: What the Light Won't Tell You
18363,Frost Shock and You
18364,The Emerald Dream
18365,"A Thoroughly Read Copy of ""Nat Pagle's Extreme' Anglin."""
18401,Nostro's Compendium of Dragon Slaying
18405,Belt of the Archmage
18407,Felcloth Gloves
18408,Inferno Gloves
18414,Pattern: Belt of the Archmage
18486,Mooncloth Robe
18487,Pattern: Mooncloth Robe
18509,Chromatic Cloak
18510,Hide of the Wild
18512,Larval Acid
18517,Pattern: Chromatic Cloak
18518,Pattern: Hide of the Wild
18519,Pattern: Shifting Cloak
18562,Elementium Ore
18567,Elemental Flux
18587,Goblin Jumper Cables XL
18588,Ez-Thro Dynamite II
18592,Plans: Sulfuron Hammer
18594,Powerful Seaforium Charge
18600,Tome of Arcane Brilliance
18631,Truesilver Transformer
18634,Gyrofreeze Ice Reflector
18637,Major Recombobulator
18639,Ultra-Flash Shadow Reflector
18640,Happy Fun Rock
18641,Dense Dynamite
18645,Gnomish Alarm-O-Bot
18647,Schematic: Red Firework
18648,Schematic: Green Firework
18649,Schematic: Blue Firework
18650,Schematic: EZ-Thro Dynamite II
18651,Schematic: Truesilver Transformer
18652,Schematic: Gyrofreeze Ice Reflector
18653,Schematic: Goblin Jumper Cables XL
18654,Schematic: Gnomish Alarm-O-Bot
18655,Schematic: Major Recombobulator
18656,Schematic: Powerful Seaforium Charge
18657,Schematic: Hyper-Radiant Flame Reflector
18658,Schematic: Ultra-Flash Shadow Reflector
18660,World Enlarger
18661,Schematic: World Enlarger
18662,Heavy Leather Ball
18665,The Eye of Shadow
18671,Baron Charr's Sceptre
18672,Elemental Ember
18673,Avalanchion's Stony Hide
18674,Hardened Stone Band
18675,Military Ranks of the Horde & Alliance
18676,Sash of the Windreaver
18677,Zephyr Cloak
18678,Tempestria's Frozen Necklace
18679,Frigid Ring
18697,Coldstone Slippers
18698,Tattered Leather Hood
18699,Icy Tomb Spaulders
18700,Malefic Bracers
18701,Innervating Band
18702,Belt of the Ordained
18704,Mature Blue Dragon Sinew
18709,Arena Wristguards
18710,Arena Bracers
18711,Arena Bands
18712,Arena Vambraces
18731,Pattern: Heavy Leather Ball
18736,Plaguehound Leggings
18741,Morlune's Bracer
18742,Stratholme Militia Shoulderguard
18743,Gracious Cape
18744,Plaguebat Fur Gloves
18745,Sacred Cloth Leggings
18769,Enchanted Thorium Platemail
18770,Enchanted Thorium Platemail
18779,Bottom Half of Advanced Armorsmithing: Volume I
18780,Top Half of Advanced Armorsmithing: Volume I
18781,Bottom Half of Advanced Armorsmithing: Volume II
18782,Top Half of Advanced Armorsmithing: Volume II
18783,Bottom Half of Advanced Armorsmithing: Volume III
18784,Top Half of Advanced Armorsmithing: Volume III
18944,Incendosaur Scale
18945,Dark Iron Residue
18948,Barbaric Bracers
18949,Pattern: Barbaric Bracers
18984,Dimensional Ripper - Everlook
18986,Ultrasafe Transporter: Gadgetzan
19026,Snake Burst Firework
19028,Elegant Dress
19047,Wisdom of the Timbermaw
19056,Argent Boots
19059,Argent Shoulders
19183,Hourglass Sand
19221,Darkmoon Special Reserve
19222,Cheap Beer
19225,Deep Fried Candybar
19227,Ace of Beasts
19228,Beasts Deck
19230,Two of Beasts
19231,Three of Beasts
19232,Four of Beasts
19233,Five of Beasts
19234,Six of Beasts
19235,Seven of Beasts
19236,Eight of Beasts
19257,Warlords Deck
19258,Ace of Warlords
19259,Two of Warlords
19260,Three of Warlords
19261,Four of Warlords
19262,Five of Warlords
19263,Six of Warlords
19264,Seven of Warlords
19265,Eight of Warlords
19267,Elementals Deck
19268,Ace of Elementals
19269,Two of Elementals
19270,Three of Elementals
19271,Four of Elementals
19272,Five of Elementals
19273,Six of Elementals
19274,Seven of Elementals
19275,Eight of Elementals
19276,Ace of Portals
19277,Portals Deck
19278,Two of Portals
19279,Three of Portals
19280,Four of Portals
19281,Five of Portals
19282,Six of Portals
19283,Seven of Portals
19284,Eight of Portals
19291,Darkmoon Storage Box
19293,Last Year's Mutton
19295,Darkmoon Flower
19304,Spiced Beef Jerky
19440,Powerful Anti-Venom
19441,Huge Venom Sac
19483,Peeling the Onion
19484,The Frostwolf Artichoke
19682,Bloodvine Vest
19683,Bloodvine Leggings
19684,Bloodvine Boots
19698,Zulian Coin
19699,Razzashi Coin
19700,Hakkari Coin
19701,Gurubashi Coin
19702,Vilebranch Coin
19703,Witherbark Coin
19704,Sandfury Coin
19705,Skullsplitter Coin
19706,Bloodscalp Coin
19707,Red Hakkari Bijou
19708,Blue Hakkari Bijou
19709,Yellow Hakkari Bijou
19710,Orange Hakkari Bijou
19711,Green Hakkari Bijou
19712,Purple Hakkari Bijou
19713,Bronze Hakkari Bijou
19714,Silver Hakkari Bijou
19715,Gold Hakkari Bijou
19726,Bloodvine
19767,Primal Bat Leather
19768,Primal Tiger Leather
19774,Souldarite
19808,Rockhide Strongfish
19813,Punctured Voodoo Doll
19814,Punctured Voodoo Doll
19815,Punctured Voodoo Doll
19816,Punctured Voodoo Doll
19817,Punctured Voodoo Doll
19818,Punctured Voodoo Doll
19819,Punctured Voodoo Doll
19820,Punctured Voodoo Doll
19821,Punctured Voodoo Doll
19921,Zulian Hacker
19931,Gurubashi Mojo Madness
19933,Glowing Scorpid Blood
19935,Empty Venom Sac
19936,Dried Scorpid Carapace
19937,Small Scorpid Claw
19938,Heavy Scorpid Leg
19943,Massive Mojo
19974,Mudskunk Lure
19975,Zulian Mudskunk
19978,Fishing Tournament!
20002,Greater Dreamless Sleep Potion
20004,Major Troll's Blood Potion
20007,Mageblood Potion
20008,Living Action Potion
20015,Elder Raptor Feathers
20074,Heavy Crocolisk Stew
20075,Recipe: Heavy Crocolisk Stew
20258,Zulian Ceremonial Staff
20259,Shadow Panther Hide Gloves
20261,Shadow Panther Hide Belt
20263,Gurubashi Helm
20296,Green Dragonscale Gauntlets
20381,Dreamscale
20384,Silithid Carapace Fragment
20404,Encrypted Twilight Text
20406,Twilight Cultist Mantle
20407,Twilight Cultist Robe
20408,Twilight Cultist Cowl
20416,Crest of Beckoning: Fire
20418,Crest of Beckoning: Thunder
20419,Crest of Beckoning: Earth
20420,Crest of Beckoning: Water
20422,Twilight Cultist Medallion of Station
20424,Sandworm Meat
20432,Signet of Beckoning: Fire
20436,Signet of Beckoning: Water
20450,Scepter of Beckoning: Water
20451,Twilight Cultist Ring of Lordship
20452,Smoked Desert Dumplings
20475,Adamantite Arrow Maker
20498,Silithid Chitin
20499,Broken Silithid Chitin
20500,Light Silithid Carapace
20501,Heavy Silithid Carapace
20513,Abyssal Crest
20514,Abyssal Signet
20515,Abyssal Scepter
20518,Scroll: Create Crest of Beckoning
20520,Dark Rune
20526,Scroll: Create Crest of Beckoning
20527,Scroll: Create Crest of Beckoning
20528,Scroll: Create Crest of Beckoning
20531,Scroll: Create Signet of Beckoning
20532,Scroll: Create Signet of Beckoning
20533,Scroll: Create Signet of Beckoning
20535,Scroll: Create Signet of Beckoning
20537,Runed Stygian Boots
20538,Runed Stygian Leggings
20539,Runed Stygian Belt
20541,Decoded Twilight Text
20542,Scroll: Create Scepter of Beckoning
20543,Scroll: Create Scepter of Beckoning
20544,Scroll: Create Scepter of Beckoning
20545,Decoded Twilight Text
20546,Pattern: Runed Stygian Leggings
20547,Pattern: Runed Stygian Boots
20548,Pattern: Runed Stygian Belt
20549,Darkrune Gauntlets
20551,Darkrune Helm
20552,Decoded Twilight Text
20553,Plans: Darkrune Gauntlets
20554,Plans: Darkrune Breastplate
20555,Plans: Darkrune Helm
20575,Black Whelp Tunic
20576,Pattern: Black Whelp Tunic
20652,Abyssal Cloth Slippers
20653,Abyssal Plate Gauntlets
20655,Abyssal Cloth Handwraps
20656,Abyssal Mail Sabatons
20658,Abyssal Leather Boots
20659,Abyssal Mail Handguards
20661,Abyssal Leather Gloves
20662,Abyssal Plate Greaves
20664,Abyssal Cloth Sash
20665,Abyssal Leather Leggings
20667,Abyssal Leather Belt
20668,Abyssal Mail Legguards
20670,Abyssal Mail Clutch
20671,Abyssal Plate Legplates
20673,Abyssal Plate Girdle
20674,Abyssal Cloth Pants
20676,Decoded Twilight Text
20677,Decoded Twilight Text
20678,Decoded Twilight Text
20679,Decoded Twilight Text
20692,Multicolored Band
20693,Weighted Cloak
20694,Glowing Black Orb
20696,Crystal Spiked Maul
20709,Rumsey Rum Light
20720,Dark Whisper Blade
20721,Band of the Cultist
20725,Nexus Crystal
20744,Minor Wizard Oil
20745,Minor Mana Oil
20746,Lesser Wizard Oil
20747,Lesser Mana Oil
20748,Brilliant Mana Oil
20749,Brilliant Wizard Oil
20750,Wizard Oil
20752,Formula: Minor Mana Oil
20753,Formula: Lesser Wizard Oil
20754,Formula: Lesser Mana Oil
20755,Formula: Wizard Oil
20758,Formula: Minor Wizard Oil
20763,Broken Weapon
20769,Disgusting Oozeling
20770,Bubbling Green Ichor
20813,Lynx Tooth
20815,Jeweler's Kit
20816,Delicate Copper Wire
20817,Bronze Setting
20818,Elegant Silver Ring
20820,Simple Pearl Ring
20821,Inlaid Malachite Ring
20823,Gloom Band
20824,Simple Grinder
20826,Heavy Silver Ring
20827,Ring of Silver Might
20828,Ring of Twilight Shadows
20830,Amulet of the Moon
20831,Heavy Golden Necklace of Battle
20832,Moonsoul Crown
20833,Wicked Moonstone Ring
20844,Deadly Poison V
20846,Faintly Glowing Eye
20849,Arcane Forged Shortsword
20850,Arcane Forged Axe
20851,Arcane Forged Mace
20852,Arcane Forged Dirk
20853,Mana Gathering Staff
20854,Design: Amulet of the Moon
20855,Design: Wicked Moonstone Ring
20856,Design: Heavy Golden Necklace of Battle
20857,Honey Bread
20858,Stone Scarab
20859,Gold Scarab
20860,Silver Scarab
20861,Bronze Scarab
20862,Crystal Scarab
20863,Clay Scarab
20864,Bone Scarab
20865,Ivory Scarab
20866,Azure Idol
20867,Onyx Idol
20868,Lambent Idol
20869,Amber Idol
20870,Jasper Idol
20871,Obsidian Idol
20872,Vermillion Idol
20873,Alabaster Idol
20874,Idol of the Sun
20875,Idol of Night
20876,Idol of Death
20877,Idol of the Sage
20878,Idol of Rebirth
20879,Idol of Life
20881,Idol of Strife
20882,Idol of War
20891,Neophyte's Robe
20892,Acolyte's Robe
20893,Apprentice's Robe
20894,Apprentice's Pants
20895,Apprentice's Boots
20896,Lookout's Pants
20897,Lookout's Tunic
20899,Warder's Pants
20900,Warder's Boots
20901,Warder's Shirt
20906,Braided Copper Ring
20907,Solid Bronze Ring
20909,Barbaric Iron Collar
20910,Stiff Shortbow
20911,Light Guard
20912,Large Shield
20914,Unadorned Chain Belt
20915,Unadorned Chain Boots
20916,Unadorned Chain Bracers
20917,Unadorned Chain Gloves
20918,Unadorned Chain Leggings
20919,Unadorned Chain Vest
20920,Sun Cured Belt
20921,Sun Cured Boots
20922,Sun Cured Bracers
20923,Sun Cured Gloves
20924,Sun Cured Pants
20925,Sun Cured Vest
20950,Pendant of the Agate Shield
20954,Heavy Iron Knuckles
20955,Golden Dragon Ring
20958,Blazing Citrine Ring
20959,The Jade Eye
20960,Engraved Truesilver Ring
20961,Citrine Ring of Rapid Healing
20963,Mithril Filigree
20964,Aquamarine Signet
20966,Jade Pendant of Blasting
20967,Citrine Pendant of Golden Healing
20969,Ruby Crown of Restoration
20970,Design: Pendant of the Agate Shield
20971,Design: Heavy Iron Knuckles
20973,Design: Blazing Citrine Ring
20974,Design: Jade Pendant of Blasting
20975,Design: The Jade Eye
20981,Neophyte's Mace
20982,Sharp Dagger
20983,Acolyte's Dagger
20985,Light Cloth Shoes
20986,Light Cloth Pants
20987,Light Cloth Gloves
20988,Light Cloth Bracers
20989,Light Cloth Belt
20990,Light Cloth Armor
21002,Unkempt Belt
21003,Unkempt Bracers
21004,Unkempt Cloak
21005,Unkempt Gloves
21006,Unkempt Pants
21007,Unkempt Robe
21008,Unkempt Shoes
21009,Scraggy Leather Belt
21010,Scraggy Leather Boots
21011,Scraggy Leather Bracers
21012,Scraggy Leather Gloves
21013,Scraggy Leather Pants
21015,Shoddy Chain Belt
21016,Shoddy Chain Vest
21017,Shoddy Chain Pants
21018,Shoddy Chain Gloves
21019,Shoddy Chain Bracers
21020,Shoddy Chain Boots
21021,Battered Shield
21022,Weather Beaten Buckler
21023,Dirge's Kickin' Chimaerok Chops
21024,Chimaerok Tenderloin
21025,Recipe: Dirge's Kickin' Chimaerok Chops
21071,Raw Sagefish
21072,Smoked Sagefish
21099,Recipe: Smoked Sagefish
21114,Rumsey Rum Dark
21151,Rumsey Rum Black Label
21153,Raw Greater Sagefish
21154,Festival Dress
21177,Symbol of Kings
21213,Preserved Holly
21217,Sagefish Delight
21219,Recipe: Sagefish Delight
21277,Tranquil Mechanical Yeti
21278,Stormshroud Gloves
21287,Codex of Prayer of Healing V
21297,Manual of Heroic Strike IX
21301,Green Helper Box
21305,Red Helper Box
21307,Guide: Aspect of the Hawk VII
21308,Jingling Bell
21309,Snowman Kit
21340,Soul Pouch
21341,Felcloth Bag
21342,Core Felcloth Bag
21358,Pattern: Soul Pouch
21536,Elune Stone
21542,Festival Suit
21546,Elixir of Greater Firepower
21547,Recipe: Elixir of Greater Firepower
21548,Pattern: Stormshroud Gloves
21557,Small Red Rocket
21558,Small Blue Rocket
21559,Small Green Rocket
21569,Firework Launcher
21570,Cluster Launcher
21713,Elune's Candle
21721,Moonglow
21722,Pattern: Festival Dress
21723,Pattern: Festival Suit
21737,Schematic: Cluster Launcher
21738,Schematic: Firework Launcher
21752,Thorium Setting
21753,Gem Studded Band
21754,The Aquamarine Ward
21755,Aquamarine Pendant of the Warrior
21761,Scarab Coffer Key
21762,Greater Scarab Coffer Key
21764,Ruby Pendant of Fire
21765,Truesilver Healing Ring
21766,Opal Necklace of Impact
21767,Simple Opal Ring
21768,Sapphire Signet
21774,Emerald Crown of Destruction
21775,Onslaught Ring
21778,Ring of Bitter Shadows
21779,Band of Natural Fire
21790,Sapphire Pendant of Winter Night
21792,Necklace of the Diamond Tower
21816,Heart Candy
21817,Heart Candy
21818,Heart Candy
21819,Heart Candy
21821,Heart Candy
21822,Heart Candy
21823,Heart Candy
21829,Perfume Bottle
21830,Empty Wrapper
21833,Cologne Bottle
21840,Bolt of Netherweave
21841,Netherweave Bag
21842,Bolt of Imbued Netherweave
21843,Imbued Netherweave Bag
21844,Bolt of Soulcloth
21845,Primal Mooncloth
21849,Netherweave Bracers
21850,Netherweave Belt
21851,Netherweave Gloves
21852,Netherweave Pants
21853,Netherweave Boots
21854,Netherweave Robe
21855,Netherweave Tunic
21858,Spellfire Bag
21859,Imbued Netherweave Pants
21860,Imbued Netherweave Boots
21861,Imbued Netherweave Robe
21862,Imbued Netherweave Tunic
21863,Soulcloth Gloves
21864,Soulcloth Shoulders
21865,Soulcloth Vest
21866,Arcanoweave Bracers
21867,Arcanoweave Boots
21868,Arcanoweave Robe
21872,Ebon Shadowbag
21876,Primal Mooncloth Bag
21877,Netherweave Cloth
21881,Netherweb Spider Silk
21882,Soul Essence
21884,Primal Fire
21885,Primal Water
21886,Primal Life
21887,Knothide Leather
21892,Pattern: Bolt of Imbued Netherweave
21893,Pattern: Imbued Netherweave Bag
21894,Pattern: Bolt of Soulcloth
21895,Pattern: Primal Mooncloth
21896,Pattern: Netherweave Robe
21897,Pattern: Netherweave Tunic
21898,Pattern: Imbued Netherweave Pants
21899,Pattern: Imbued Netherweave Boots
21900,Pattern: Imbued Netherweave Robe
21901,Pattern: Imbued Netherweave Tunic
21902,Pattern: Soulcloth Gloves
21927,Instant Poison VII
21929,Flame Spessarite
21931,Woven Copper Ring
21932,Heavy Copper Ring
21933,Thick Bronze Necklace
21934,Ornate Tigerseye Necklace
21939,Fel Elemental Rod
21940,Design: Golden Hare
21941,Design: Black Pearl Panther
21942,Design: Ruby Crown of Restoration
21943,Design: Truesilver Crab
21944,Design: Truesilver Boar
21945,Design: The Aquamarine Ward
21947,Design: Gem Studded Band
21948,Design: Opal Necklace of Impact
21949,Design: Ruby Serpent
21952,Design: Emerald Crown of Destruction
21953,Design: Emerald Owl
21954,Design: Ring of Bitter Shadows
21957,Design: Necklace of the Diamond Tower
21990,Netherweave Bandage
21991,Heavy Netherweave Bandage
21992,Manual: Netherweave Bandage
21993,Manual: Heavy Netherweave Bandage
22012,Master First Aid - Doctor in the House
22053,Deadly Poison VI
22054,Deadly Poison VII
22055,Wound Poison V
22146,Book: Gift of the Wild III
22147,Flintweed Seed
22148,Wild Quillvine
22153,Tome of Arcane Brilliance 2
22202,Small Obsidian Shard
22203,Large Obsidian Shard
22222,Plans: Thick Obsidian Breastplate
22246,Enchanted Mageweave Pouch
22248,Enchanted Runecloth Bag
22249,Big Bag of Enchantment
22250,Herb Pouch
22251,Cenarion Herb Bag
22252,Satchel of Cenarius
22279,Lovely Black Dress
22307,Pattern: Enchanted Mageweave Pouch
22308,Pattern: Enchanted Runecloth Bag
22309,Pattern: Big Bag of Enchantment
22373,Wartorn Leather Scrap
22374,Wartorn Chain Scrap
22375,Wartorn Plate Scrap
22376,Wartorn Cloth Scrap
22383,Sageblade
22385,Titanic Leggings
22388,Plans: Titanic Leggings
22389,Plans: Sageblade
22390,Plans: Persuader
22393,Codex: Prayer of Shadow Protection
22445,Arcane Dust
22446,Greater Planar Essence
22447,Lesser Planar Essence
22448,Small Prismatic Shard
22449,Large Prismatic Shard
22450,Void Crystal
22451,Primal Air
22452,Primal Earth
22456,Primal Shadow
22457,Primal Mana
22459,Void Sphere
22460,Prismatic Sphere
22521,Superior Mana Oil
22522,Superior Wizard Oil
22525,Crypt Fiend Parts
22526,Bone Fragments
22527,Core of Elements
22528,Dark Iron Scraps
22529,Savage Frond
22532,Formula: Enchant Bracer - Restore Mana Prime
22539,Formula: Enchant Shield - Intellect
22540,Formula: Enchant Shield - Shield Block
22541,Formula: Enchant Shield - Resistance
22542,Formula: Enchant Boots - Vitality
22548,Formula: Enchant Cloak - Major Resistance
22553,Formula: Enchant Weapon - Potency
22557,Formula: Enchant Weapon - Battlemaster
22558,Formula: Enchant Weapon - Spellsurge
22562,Formula: Superior Mana Oil
22563,Formula: Superior Wizard Oil
22565,Formula: Large Prismatic Shard
22572,Mote of Air
22573,Mote of Earth
22574,Mote of Fire
22575,Mote of Life
22576,Mote of Mana
22577,Mote of Shadow
22578,Mote of Water
22600,Craftsman's Writ - Dense Weightstone
22601,Craftsman's Writ - Imperial Plate Chest
22602,Craftsman's Writ - Volcanic Hammer
22603,Craftsman's Writ - Huge Thorium Battleaxe
22604,Craftsman's Writ - Radiant Circlet
22605,Craftsman's Writ - Wicked Leather Headband
22606,Craftsman's Writ - Rugged Armor Kit
22607,Craftsman's Writ - Wicked Leather Belt
22608,Craftsman's Writ - Runic Leather Pants
22609,Craftsman's Writ - Brightcloth Pants
22610,Craftsman's Writ - Runecloth Boots
22611,Craftsman's Writ - Runecloth Bag
22612,Craftsman's Writ - Runecloth Robe
22613,Craftsman's Writ - Goblin Sapper Charge
22614,Craftsman's Writ - Thorium Grenade
22615,Craftsman's Writ - Gnomish Battle Chicken
22616,Craftsman's Writ - Thorium Tube
22617,Craftsman's Writ - Major Mana Potion
22618,Craftsman's Writ - Major Healing Potion
22620,Craftsman's Writ - Greater Arcane Protection Potion
22621,Craftsman's Writ - Flask of Petrification
22622,Craftsman's Writ - Stonescale Eel
22623,Craftsman's Writ - Plated Armorfish
22624,Craftsman's Writ - Lightning Eel
22641,Rotting Heart
22642,Spinal Dust
22644,Crunchy Spider Leg
22645,Crunchy Spider Surprise
22647,Recipe: Crunchy Spider Surprise
22652,Glacial Vest
22654,Glacial Gloves
22655,Glacial Wrists
22658,Glacial Cloak
22660,Gaea's Embrace
22661,Polar Tunic
22662,Polar Gloves
22663,Polar Bracers
22682,Frozen Rune
22710,Bloodthistle
22728,Steam Tonk Controller
22739,Tome of Polymorph: Turtle
22756,Sylvan Vest
22757,Sylvan Crown
22758,Sylvan Shoulders
22763,Ironvine Gloves
22785,Felweed
22786,Dreaming Glory
22787,Ragveil
22788,Flame Cap
22789,Terocone
22790,Ancient Lichen
22791,Netherbloom
22792,Nightmare Vine
22793,Mana Thistle
22794,Fel Lotus
22795,Fel Blossom
22797,Nightmare Seed
22823,Elixir of Camouflage
22824,Elixir of Major Strength
22825,Elixir of Healing Power
22826,Sneaking Potion
22827,Elixir of Major Frost Power
22828,Insane Strength Potion
22829,Super Healing Potion
22830,Elixir of the Searching Eye
22831,Elixir of Major Agility
22832,Super Mana Potion
22833,Elixir of Major Firepower
22834,Elixir of Major Defense
22835,Elixir of Major Shadow Power
22836,Major Dreamless Sleep Potion
22837,Heroic Potion
22838,Haste Potion
22839,Destruction Potion
22840,Elixir of Major Mageblood
22841,Major Fire Protection Potion
22842,Major Frost Protection Potion
22844,Major Nature Protection Potion
22845,Major Arcane Protection Potion
22846,Major Shadow Protection Potion
22847,Major Holy Protection Potion
22848,Elixir of Empowerment
22849,Ironshield Potion
22850,Super Rejuvenation Potion
22851,Flask of Fortification
22853,Flask of Mighty Restoration
22854,Flask of Relentless Assault
22861,Flask of Blinding Light
22866,Flask of Pure Death
22871,Shrouding Potion
22890,Tome of Frost Ward V
22891,Grimoire of Shadow Ward IV
22897,Tome of Conjure Food VII
22901,Recipe: Sneaking Potion
22902,Recipe: Elixir of Major Frost Power
22903,Recipe: Insane Strength Potion
22904,Recipe: Elixir of the Searching Eye
22912,Recipe: Heroic Potion
22913,Recipe: Haste Potion
22914,Recipe: Destruction Potion
22919,Recipe: Elixir of Major Mageblood
22926,Recipe: Elixir of Empowerment
23055,Word of Thawing
23077,Blood Garnet
23079,Deep Peridot
23090,Bracers of Undead Slaying
23092,Wristguards of Undead Slaying
23093,Wristwraps of Undead Slaying
23094,Teardrop Blood Garnet
23095,Bold Blood Garnet
23096,Runed Blood Garnet
23097,Delicate Blood Garnet
23098,Inscribed Flame Spessarite
23099,Luminous Flame Spessarite
23100,Glinting Flame Spessarite
23101,Potent Flame Spessarite
23103,Radiant Deep Peridot
23104,Jagged Deep Peridot
23105,Enduring Deep Peridot
23106,Dazzling Deep Peridot
23107,Shadow Draenite
23108,Glowing Shadow Draenite
23109,Royal Shadow Draenite
23110,Shifting Shadow Draenite
23111,Sovereign Shadow Draenite
23112,Golden Draenite
23113,Brilliant Golden Draenite
23114,Gleaming Golden Draenite
23115,Thick Golden Draenite
23116,Rigid Golden Draenite
23117,Azure Moonstone
23118,Solid Azure Moonstone
23119,Sparkling Azure Moonstone
23120,Stormy Azure Moonstone
23121,Lustrous Azure Moonstone
23131,Design: Bold Blood Garnet
23135,Design: Inscribed Flame Spessarite
23137,Design: Glinting Flame Spessarite
23140,Design: Radiant Deep Peridot
23141,Design: Jagged Deep Peridot
23144,Design: Glowing Shadow Draenite
23147,Design: Sovereign Shadow Draenite
23148,Design: Brilliant Golden Draenite
23151,Design: Rigid Golden Draenite
23152,Design: Solid Azure Moonstone
23153,Design: Sparkling Azure Moonstone
23154,Design: Stormy Azure Moonstone
23197,Idol of the Moon
23199,Totem of the Storm
23203,Libram of Fervor
23320,Tablet of Flame Shock VI
23321,Recruit's Robe
23334,Cracked Power Core
23345,Scout's Shirt
23346,Battleworn Claymore
23353,Mana Residue
23354,Crystalized Mana Residue
23380,Broken Power Core
23381,Chipped Power Core
23383,Ripped Wyrm Scale
23384,Dimly Glowing Eye
23385,Dormant Mana Powder
23386,Condensed Mana Powder
23424,Fel Iron Ore
23425,Adamantite Ore
23426,Khorium Ore
23427,Eternium Ore
23436,Living Ruby
23437,Talasite
23438,Star of Elune
23439,Noble Topaz
23440,Dawnstone
23441,Nightseye
23444,Goldenmist Special Brew
23445,Fel Iron Bar
23446,Adamantite Bar
23447,Eternium Bar
23448,Felsteel Bar
23449,Khorium Bar
23482,Fel Iron Plate Gloves
23484,Fel Iron Plate Belt
23487,Fel Iron Plate Boots
23488,Fel Iron Plate Pants
23489,Fel Iron Breastplate
23490,Fel Iron Chain Tunic
23491,Fel Iron Chain Gloves
23493,Fel Iron Chain Coif
23494,Fel Iron Chain Bracers
23497,Fel Iron Hatchet
23498,Fel Iron Hammer
23499,Fel Iron Greatsword
23502,Adamantite Maul
23503,Adamantite Cleaver
23504,Adamantite Dagger
23505,Adamantite Rapier
23506,Adamantite Plate Bracers
23507,Adamantite Breastplate
23508,Adamantite Plate Gloves
23510,Enchanted Adamantite Belt
23511,Enchanted Adamantite Boots
23512,Enchanted Adamantite Leggings
23513,Flamebane Breastplate
23514,Flamebane Gloves
23515,Flamebane Bracers
23516,Flamebane Helm
23517,Felsteel Gloves
23518,Felsteel Leggings
23519,Felsteel Helm
23520,Ragesteel Gloves
23521,Ragesteel Helm
23522,Ragesteel Breastplate
23523,Khorium Pants
23524,Khorium Belt
23525,Khorium Boots
23526,Swiftsteel Gloves
23527,Earthpeace Breastplate
23528,Fel Sharpening Stone
23529,Adamantite Sharpening Stone
23530,Felsteel Shield Spike
23531,Felfury Gauntlets
23532,Gauntlets of the Iron Tower
23533,Steelgrip Gauntlets
23535,Helm of the Stalwart Defender
23536,Oathkeeper's Helm
23537,Black Felsteel Bracers
23538,Bracers of the Green Fortress
23539,Blessed Bracers
23540,Felsteel Longblade
23541,Khorium Champion
23542,Fel Edged Battleaxe
23543,Felsteel Reaper
23544,Runic Hammer
23554,Eternium Runed Blade
23555,Dirge
23556,Hand of Eternity
23559,Lesser Rune of Warding
23571,Primal Might
23573,Hardened Adamantite Bar
23575,Lesser Ward of Shielding
23576,Greater Ward of Shielding
23590,Plans: Adamantite Maul
23591,Plans: Adamantite Cleaver
23592,Plans: Adamantite Dagger
23593,Plans: Adamantite Rapier
23594,Plans: Adamantite Plate Bracers
23595,Plans: Adamantite Plate Gloves
23596,Plans: Adamantite Breastplate
23620,Plans: Felfury Gauntlets
23621,Plans: Gauntlets of the Iron Tower
23622,Plans: Steelgrip Gauntlets
23623,Plans: Storm Helm
23624,Plans: Helm of the Stalwart Defender
23625,Plans: Oathkeeper's Helm
23626,Plans: Black Felsteel Bracers
23627,Plans: Bracers of the Green Fortress
23628,Plans: Blessed Bracers
23629,Plans: Felsteel Longblade
23630,Plans: Khorium Champion
23631,Plans: Fel Edged Battleaxe
23632,Plans: Felsteel Reaper
23633,Plans: Runic Hammer
23634,Plans: Fel Hardened Maul
23635,Plans: Eternium Runed Blade
23636,Plans: Dirge
23637,Plans: Hand of Eternity
23638,Plans: Lesser Ward of Shielding
23676,Moongraze Stag Tenderloin
23736,Fel Iron Bomb
23737,Adamantite Grenade
23742,Fel Iron Musket
23746,Adamantite Rifle
23747,Felsteel Boomstick
23748,Ornate Khorium Rifle
23758,Cogspinner Goggles
23761,Power Amplification Goggles
23762,Ultra-Spectropic Detection Goggles
23763,Hyper-Vision Goggles
23764,Adamantite Scope
23765,Khorium Scope
23766,Stabilized Eternium Scope
23767,Crashin' Thrashin' Robot
23768,White Smoke Flare
23769,Red Smoke Flare
23771,Green Smoke Flare
23772,Fel Iron Shells
23773,Adamantite Shells
23774,Fel Iron Toolbox
23781,Elemental Blasting Powder
23782,Fel Iron Casing
23783,Handful of Fel Iron Bolts
23784,Adamantite Frame
23785,Hardened Adamantite Tube
23786,Khorium Power Core
23787,Felsteel Stabilizer
23793,Heavy Knothide Leather
23799,Schematic: Adamantite Rifle
23802,Schematic: Ornate Khorium Rifle
23803,Schematic: Cogspinner Goggles
23804,Schematic: Power Amplification Goggles
23805,Schematic: Ultra-Spectropic Detection Goggles
23807,Schematic: Adamantite Scope
23810,Schematic: Crashin' Thrashin' Robot
23811,Schematic: White Smoke Flare
23815,Schematic: Adamantite Shell Machine
23816,Schematic: Fel Iron Toolbox
23819,Elemental Seaforium Charge
23821,Zapthrottle Mote Extractor
23824,Rocket Boots Xtreme
23825,Nigh Invulnerability Belt
23826,The Bigger One
23827,Super Sapper Charge
23835,Gnomish Poultryizer
23836,Goblin Rocket Launcher
23841,Gnomish Flame Turret
23854,Shadoweave Cloth
23858,Singed Page
23866,Singed Page
23867,Singed Page
23868,Singed Page
23883,Schematic: Healing Potion Injector
23884,Schematic: Mana Potion Injector
23909,Blood Elf Bandit Mask
23923,Amani Sacrificial Dagger
23965,Chipped Ravager Claw
23976,Gnarled Ravager Carapace
23979,Chipped Ravager Carapace
23984,Irradiated Crystal Shard
24027,Bold Living Ruby
24028,Delicate Living Ruby
24029,Teardrop Living Ruby
24030,Runed Living Ruby
24031,Bright Living Ruby
24032,Subtle Living Ruby
24033,Solid Star of Elune
24035,Sparkling Star of Elune
24036,Flashing Living Ruby
24037,Lustrous Star of Elune
24039,Stormy Star of Elune
24047,Brilliant Dawnstone
24048,Smooth Dawnstone
24050,Gleaming Dawnstone
24051,Rigid Dawnstone
24052,Thick Dawnstone
24053,Mystic Dawnstone
24054,Sovereign Nightseye
24055,Shifting Nightseye
24056,Glowing Nightseye
24057,Royal Nightseye
24058,Inscribed Noble Topaz
24059,Potent Noble Topaz
24060,Luminous Noble Topaz
24061,Glinting Noble Topaz
24062,Enduring Talasite
24065,Dazzling Talasite
24066,Radiant Talasite
24067,Jagged Talasite
24074,Fel Iron Blood Ring
24075,Golden Draenite Ring
24076,Azure Moonstone Ring
24077,Thick Adamantite Necklace
24078,Heavy Adamantite Ring
24079,Khorium Band of Shadows
24080,Khorium Band of Frost
24082,Khorium Inferno Band
24086,Arcane Khorium Band
24087,Heavy Felsteel Ring
24088,Delicate Eternium Ring
24089,Blazing Eternium Band
24092,Pendant of Frozen Flame
24093,Pendant of Thawing
24095,Pendant of Withering
24097,Pendant of Shadow's End
24098,Pendant of the Null Rune
24101,Book of Ferocious Bite V
24102,Manual of Eviscerate IX
24106,Thick Felsteel Necklace
24110,Living Ruby Pendant
24114,Braided Eternium Chain
24116,Eye of the Night
24117,Embrace of the Dawn
24121,Chain of the Twilight Owl
24122,Coronet of Verdant Flame
24123,Circlet of Arcane Might
24143,Initiate's Shirt
24145,Initiate's Pants
24146,Initiate's Boots
24163,Design: Heavy Felsteel Ring
24164,Design: Delicate Eternium Ring
24165,Design: Blazing Eternium Band
24166,Design: Thick Felsteel Necklace
24167,Design: Living Ruby Pendant
24168,Design: Braided Eternium Chain
24169,Design: Eye of the Night
24170,Design: Embrace of the Dawn
24171,Design: Chain of the Twilight Owl
24188,Tin Powder
24189,Crystalline Fragments
24190,Iron Powder
24192,Design: Bright Living Ruby
24193,Design: Bold Living Ruby
24194,Design: Delicate Living Ruby
24195,Design: Teardrop Living Ruby
24196,Design: Runed Living Ruby
24197,Design: Subtle Living Ruby
24198,Design: Flashing Living Ruby
24199,Design: Solid Star of Elune
24200,Design: Sparkling Star of Elune
24201,Design: Lustrous Star of Elune
24202,Design: Stormy Star of Elune
24203,Design: Brilliant Dawnstone
24204,Design: Smooth Dawnstone
24205,Design: Rigid Dawnstone
24206,Design: Gleaming Dawnstone
24207,Design: Thick Dawnstone
24209,Design: Sovereign Nightseye
24210,Design: Shifting Nightseye
24211,Design: Glowing Nightseye
24212,Design: Royal Nightseye
24213,Design: Inscribed Noble Topaz
24214,Design: Potent Noble Topaz
24215,Design: Luminous Noble Topaz
24216,Design: Glinting Noble Topaz
24217,Design: Enduring Talasite
24218,Design: Radiant Talasite
24219,Design: Dazzling Talasite
24220,Design: Jagged Talasite
24222,The Shadowfoot Stabber
24231,Coarse Snuff
24234,Mithril Powder
24235,Thorium Powder
24242,Fel Iron Powder
24243,Adamantite Powder
24245,Glowcap
24246,Sanguine Hibiscus
24249,Unyielding Bracers
24250,Bracers of Havok
24251,Blackstrike Bracers
24252,Cloak of the Black Void
24253,Cloak of Eternity
24254,White Remedy Cape
24255,Unyielding Girdle
24256,Girdle of Ruination
24257,Black Belt of Knowledge
24258,Resolute Cape
24259,Vengeance Wrap
24261,Whitemend Pants
24262,Spellstrike Pants
24263,Battlecast Pants
24264,Whitemend Hood
24266,Spellstrike Hood
24267,Battlecast Hood
24268,Netherweave Net
24270,Bag of Jewels
24271,Spellcloth
24272,Shadowcloth
24273,Mystic Spellthread
24274,Runic Spellthread
24275,Silver Spellthread
24276,Golden Spellthread
24281,Carved Ivory Bone
24282,Rogue's Diary
24290,Mature Spore Sac
24291,Bog Lord Tendril
24296,Pattern: Unyielding Bracers
24297,Pattern: Bracers of Havok
24298,Pattern: Blackstrike Bracers
24299,Pattern: Cloak of the Black Void
24300,Pattern: Cloak of Eternity
24301,Pattern: White Remedy Cape
24302,Pattern: Unyielding Girdle
24303,Pattern: Girdle of Ruination
24304,Pattern: Black Belt of Knowledge
24305,Pattern: Resolute Cape
24306,Pattern: Vengeance Wrap
24307,Pattern: Manaweave Cloak
24316,Pattern: Spellcloth
24338,Hellfire Spineleaf
24345,Book of Cower IV
24368,Coilfang Armaments
24401,Unidentified Plant Parts
24403,Common Fern
24404,Ruined Specimen
24405,Common Azerothian Species
24406,Common Flower
24449,Fertile Spores
24477,Jaggal Clam Meat
24478,Jaggal Pearl
24479,Shadow Pearl
24507,Elemental Shard
24508,Elemental Fragment
24510,Primordial Core
24511,Primordial Essence
24516,Damaged Rock Flayer Talon
24539,Marsh Lichen
24575,Outlander's Girdle
24576,Loosely Threaded Belt
24577,Loosely Threaded Boots
24578,Loosely Threaded Bracers
24580,Loosely Threaded Hat
24582,Outlander's Boots
24583,Outlander's Tunic
24584,Outlander's Gloves
24585,Outlander's Facewrap
24586,Outlander's Leggings
24587,Outlander's Pauldrons
24588,Outlander's Bracers
24589,Fireheart Girdle
24590,Fireheart Boots
24591,Fireheart Chestpiece
24592,Fireheart Gloves
24593,Fireheart Skullcap
24594,Fireheart Leggings
24595,Fireheart Shoulderpads
24596,Fireheart Bracers
24597,Starfire Sash
24598,Starfire Sandals
24599,Starfire Vest
24600,Starfire Gloves
24601,Starfire Circlet
24602,Starfire Trousers
24603,Starfire Mantle
24604,Starfire Wristwraps
24605,Laughing Skull Waistguard
24606,Laughing Skull Boot
24607,Laughing Skull Tunic
24608,Laughing Skull Gloves
24609,Laughing Skull Cap
24610,Laughing Skull Pants
24611,Laughing Skull Shoulderpads
24612,Laughing Skull Bracelets
24613,Vindicator Belt
24614,Vindicator Boots
24615,Vindicator Tunic
24616,Vindicator Gloves
24617,Vindicator Cap
24618,Vindicator Pants
24619,Vindicator Shoulderpads
24620,Vindicator Bracers
24621,Slavehandler Belt
24622,Slavehandler Footpads
24623,Slavehandler Jerkin
24624,Slavehandler Handwraps
24625,Slavehandler Cap
24626,Slavehandler Pants
24627,Slavehandler Amice
24628,Slavehandler Wristguards
24629,Feralfen Sash
24630,Feralfen Sandals
24631,Feralfen Jerkin
24632,Feralfen Hand
24633,Feralfen Hood
24634,Feralfen Pants
24635,Feralfen Amice
24636,Feralfen Cuffs
24637,Mistyreed Belt
24638,Mistyreed Boot
24639,Mistyreed Tunic
24640,Mistyreed Gloves
24641,Mistyreed Hood
24642,Mistyreed Pants
24643,Mistyreed Shoulderpads
24644,Mistyreed Bracer
24645,Astralaan Belt
24646,Astralaan Boots
24647,Astralaan Robe
24648,Astralaan Gloves
24649,Astralaan Headdress
24650,Astralaan Pants
24651,Astralaan Shoulderpads
24652,Astralaan Bracer
24653,Consortium Sash
24654,Consortium Boot
24655,Consortium Robe
24656,Consortium Gloves
24657,Consortium Hood
24658,Consortium Pants
24659,Consortium Mantle
24660,Consortium Bracer
24661,Shadow Council Chain
24662,Shadow Council Boots
24663,Shadow Council Tunic
24664,Shadow Council Gloves
24665,Shadow Council Cowl
24666,Shadow Council Pants
24667,Shadow Council Mantle
24668,Shadow Council Bracer
24669,Eldr'naan Belt
24670,Eldr'naan Boot
24671,Eldr'naan Jerkin
24672,Eldr'naan Gloves
24673,Eldr'naan Hood
24674,Eldr'naan Pants
24675,Eldr'naan Shoulderpads
24676,Eldr'naan Bracelets
24677,Archmage Belt
24678,Archmage Slippers
24679,Archmage Robe
24680,Archmage Gloves
24681,Archmage Headpiece
24682,Archmage Pants
24683,Archmage Mantle
24684,Archmage Bracelets
24685,Elementalist Belt
24686,Elementalist Boots
24687,Elementalist Tunic
24688,Elementalist Gloves
24689,Elementalist Skullcap
24690,Elementalist Leggings
24691,Elementalist Mantle
24692,Elementalist Bracelets
24693,Bonechewer Pelt-Girdle
24694,Bonechewer Shredboots
24695,Bonechewer Chestpiece
24696,Bonechewer Spikegloves
24697,Bonechewer Skincloak
24698,Bonechewer Ripleggings
24699,Bonechewer Shoulderguards
24700,Bonechewer Bands
24701,Haal'eshi Cord
24702,Haal'eshi Boots
24703,Haal'eshi Jerkin
24704,Haal'eshi Gloves
24705,Haal'eshi Hat
24706,Haal'eshi Leggings
24707,Haal'eshi Pauldrons
24708,Haal'eshi Bindings
24709,Vengeance Belt
24710,Vengeance Boots
24711,Vengeance Chestpiece
24712,Vengeance Gloves
24713,Vengeance Helm
24714,Vengeance Legguards
24715,Vengeance Pauldrons
24716,Vengeance Bands
24717,Dreghood Belt
24718,Dreghood Boots
24719,Dreghood Chestpiece
24720,Dreghood Gloves
24721,Dreghood Cowl
24722,Dreghood Trousers
24723,Dreghood Pauldrons
24724,Dreghood Bands
24725,Dementia Cord
24726,Dementia Boots
24727,Dementia Vest
24728,Dementia Gloves
24729,Dementia Hood
24730,Dementia Trousers
24731,Dementia Shoulderguards
24732,Dementia Armguards
24733,Sunroc Waistband
24734,Sunroc Boots
24735,Sunroc Chestpiece
24736,Sunroc Gloves
24737,Sunroc Mask
24738,Sunroc Pants
24739,Sunroc Shoulderguards
24740,Sunroc Armguards
24741,Ranger Belt
24742,Ranger Boots
24743,Ranger Jerkin
24744,Ranger Gloves
24745,Ranger Hat
24746,Ranger Pants
24747,Ranger Pauldrons
24748,Ranger Armguards
24749,Daggerfen Belt
24750,Daggerfen Boots
24751,Daggerfen Battlevest
24752,Daggerfen Gloves
24753,Daggerfen Cowl
24754,Daggerfen Stitchpants
24755,Daggerfen Pauldrons
24756,Daggerfen Bindings
24757,Umbrafen Waistband
24758,Umbrafen Boots
24759,Umbrafen Tunic
24760,Umbrafen Gloves
24761,Umbrafen Cap
24762,Umbrafen Britches
24763,Umbrafen Shoulderguards
24764,Umbrafen Bindings
24765,Clefthoof Belt
24766,Clefthoof Wanderboots
24767,Clefthoof Hidemantle
24768,Clefthoof Gloves
24769,Clefthoof Cover
24770,Clefthoof Britches
24771,Clefthoof Shoulderguards
24772,Clefthoof Bracers
24773,Boneshredder Belt
24774,Boneshredder Boots
24775,Boneshredder Jerkin
24776,Boneshredder Gloves
24777,Boneshredder Skullcap
24778,Boneshredder Britches
24779,Boneshredder Shoulderguards
24780,Boneshredder Wristguards
24781,Murkblood Belt
24782,Loosely Threaded Gloves
24783,Murkblood Boots
24784,Murkblood Chestpiece
24785,Murkblood Gloves
24786,Murkblood Cover
24787,Murkblood Pants
24788,Murkblood Shoulderguards
24789,Murkblood Bracers
24790,Expedition Girdle
24791,Expedition Boots
24792,Expedition Tunic
24793,Expedition Gloves
24794,Expedition Hood
24795,Expedition Pants
24796,Expedition Shoulderguards
24797,Expedition Bracers
24798,Dragonhawk Belt
24799,Dragonhawk Boots
24800,Dragonhawk Tunic
24801,Dragonhawk Gloves
24802,Dragonhawk Hat
24803,Dragonhawk Pants
24804,Dragonhawk Shoulderguards
24805,Dragonhawk Bands
24806,Unyielding Waistband
24807,Unyielding Footwraps
24808,Unyielding Chain Vest
24809,Unyielding Fists
24810,Unyielding Helm
24811,Unyielding Leggings
24812,Unyielding Spaulders
24813,Unyielding Bindings
24814,Felstone Waistband
24815,Felstone Greaves
24816,Felstone Chain Vest
24817,Felstone Gauntlets
24818,Felstone Helm
24819,Felstone Leggings
24820,Felstone Spaulders
24821,Felstone Bindings
24822,Netherstalker Belt
24823,Netherstalker Greaves
24824,Netherstalker Armor
24825,Netherstalker Gloves
24826,Netherstalker Helmet
24827,Netherstalker Legguards
24828,Netherstalker Mantle
24829,Netherstalker Bracer
24830,Nexus-Strider Belt
24831,Nexus-Strider Greaves
24832,Nexus-Strider Breastplate
24833,Nexus-Strider Gloves
24834,Nexus-Strider Helmet
24835,Nexus-Strider Legwraps
24836,Nexus-Strider Mantle
24837,Nexus-Strider Bracer
24838,Wrathfin Waistband
24839,Wrathfin Greaves
24840,Wrathfin Armor
24841,Wrathfin Gloves
24842,Wrathfin Helmet
24843,Wrathfin Legguards
24844,Wrathfin Mantle
24845,Wrathfin Bindings
24846,Fenclaw Waistband
24847,Fenclaw Footwraps
24848,Fenclaw Armor
24849,Fenclaw Fists
24850,Fenclaw Helm
24851,Fenclaw Legguards
24852,Fenclaw Mantle
24853,Fenclaw Bindings
24854,Marshcreeper Belt
24855,Marshcreeper Sludgeboots
24856,Marshcreeper Fen-Vest
24857,Marshcreeper Gloves
24858,Marshcreeper Helm
24859,Marshcreeper Leggings
24860,Marshcreeper Mantle
24861,Marshcreeper Bracelets
24862,Blood Knight Girdle
24863,Blood Knight Boots
24864,Blood Knight Breastplate
24865,Blood Knight Gauntlets
24866,Blood Knight Helm
24867,Blood Knight Greaves
24868,Blood Knight Pauldrons
24869,Blood Knight Bracers
24870,Ironspine Belt
24871,Ironspine Greaves
24872,Ironspine Chain Vest
24873,Ironspine Gloves
24874,Ironspine Helm
24875,Ironspine Legguards
24876,Ironspine Shoulderguards
24877,Ironspine Bracelets
24878,Der'izu Belt
24879,Der'izu Greaves
24880,Der'izu Chestpiece
24881,Der'izu Fists
24882,Der'izu Helm
24883,Der'izu Legguards
24884,Der'izu Spaulders
24885,Der'izu Bracer
24886,Skettis Belt
24887,Skettis Footwraps
24888,Skettis Chestpiece
24889,Skettis Gauntlets
24890,Skettis Helmet
24891,Skettis Legguards
24892,Skettis Spaulders
24893,Skettis Bracer
24894,Sundered Waistband
24895,Sundered Footwraps
24896,Sundered Chestpiece
24897,Sundered Gauntlets
24898,Sundered Helmet
24899,Sundered Legguards
24900,Sundered Spaulders
24901,Tortured Bracer
24902,Talhide Stitched-Belt
24903,Talhide Lined-Boots
24904,Talhide Chestpiece
24905,Talhide Lined-Gloves
24906,Talhide Helmet
24907,Talhide Lined-Leggings
24908,Talhide Shoulderguards
24909,Talhide Lined-Bracers
24910,Netherstorm Belt
24911,Netherstorm Greaves
24912,Netherstorm Chestpiece
24913,Netherstorm Gauntlets
24914,Netherstorm Helm
24915,Netherstorm Legguards
24916,Netherstorm Shoulderguards
24917,Netherstorm Bracer
24918,Grimscale Belt
24919,Grimscale Sabatons
24920,Grimscale Armor
24921,Grimscale Gauntlets
24922,Grimscale Helm
24923,Grimscale Legguards
24924,Grimscale Pauldrons
24925,Grimscale Vambraces
24926,Ango'rosh Belt
24927,Ango'rosh Sabatons
24928,Ango'rosh Breastplate
24929,Ango'rosh Gauntlets
24930,Ango'rosh Helm
24931,Ango'rosh Legguards
24932,Ango'rosh Pauldrons
24933,Ango'rosh Vambraces
24934,Darkcrest Belt
24935,Darkcrest Sabatons
24936,Darkcrest Breastplate
24937,Darkcrest Gauntlets
24938,Darkcrest Helm
24939,Darkcrest Legguards
24940,Darkcrest Pauldrons
24941,Darkcrest Bracers
24942,Bloodscale Belt
24943,Bloodscale Sabatons
24944,Bloodscale Breastplate
24945,Bloodscale Gauntlets
24946,Bloodscale Helm
24947,Bloodscale Legguards
24948,Bloodscale Pauldrons
24949,Bloodscale Bracers
24950,Bogslayer Belt
24951,Bogslayer Sabatons
24952,Bogslayer Breastplate
24953,Bogslayer Gauntlets
24954,Bogslayer Helm
24955,Bogslayer Legplates
24956,Bogslayer Pauldrons
24957,Bogslayer Bracers
24958,Khan'aish Girdle
24959,Khan'aish Greaves
24960,Khan'aish Breastplate
24961,Khan'aish Gloves
24962,Khan'aish Helmet
24963,Khan'aish Legplates
24964,Khan'aish Epaulets
24965,Khan'aish Bracers
24966,Talonguard Girdle
24967,Talonguard Greaves
24968,Talonguard Armor
24969,Talonguard Gloves
24970,Talonguard Helmet
24971,Talonguard Legplates
24972,Talonguard Epaulets
24973,Talonguard Bracers
24974,Reaver Girdle
24975,Reaver Greaves
24976,Reaver Armor
24977,Reaver Gloves
24978,Reaver Helmet
24979,Reaver Legplates
24980,Reaver Epaulets
24981,Reaver Bracers
24982,Boulderfist Belt
24983,Boulderfist Greaves
24984,Boulderfist Armor
24985,Boulderfist Gloves
24986,Boulderfist Helm
24987,Boulderfist Legplates
24988,Boulderfist Epaulets
24989,Boulderfist Bracers
24990,Warmaul Belt
24991,Warmaul Greaves
24992,Warmaul Breastplate
24993,Warmaul Gloves
24994,Warmaul Helmet
24995,Warmaul Legplates
24996,Warmaul Epaulets
24997,Warmaul Vambraces
24998,Bloodfist Girdle
24999,Bloodfist Greaves
25000,Bloodfist Breastplate
25001,Bloodfist Gloves
25002,Bloodfist Helmet
25003,Bloodfist Legplates
25004,Bloodfist Epaulets
25005,Bloodfist Vambraces
25006,Conqueror's Girdle
25007,Conqueror's Greaves
25008,Conqueror's Breastplate
25009,Conqueror's Gauntlets
25010,Conqueror's Helmet
25011,Conqueror's Legplates
25012,Conqueror's Epaulets
25013,Conqueror's Vambraces
25014,Shattered Hand Belt
25015,Shattered Hand Sabatons
25016,Shattered Hand Breastplate
25017,Shattered Hand Gauntlets
25018,Shattered Hand Helmet
25019,Shattered Hand Legplates
25020,Shattered Hand Epaulets
25021,Shattered Hand Vambraces
25022,Warlord's Iron-Girdle
25023,Warlord's Sabatons
25024,Warlord's Iron-Breastplate
25025,Warlord's Iron-Gauntlets
25026,Warlord's Iron-Helm
25027,Warlord's Iron-Legplates
25028,Warlord's Iron-Epaulets
25029,Warlord's Iron-Vambraces
25030,Silky Velvet Cloak
25031,Silvermoon Royal Cloak
25032,Hellfire Cloak
25033,Scavenger's Cloak
25034,Elementalist Cloak
25035,Silver-Lined Cloak
25036,Boulderfist Cloak
25037,Patched Cape
25038,Forest Shroud
25039,Farseer Cloak
25040,Murkblood Cape
25041,Ambusher's Cloak
25042,Nether Cloak
25043,Amber Cape
25044,Rubellite Ring
25045,Azurite Ring
25046,Spined Ring
25047,Tourmaline Loop
25048,Smoky Quartz Ring
25049,Scheelite Ring
25050,Moldavite Ring
25051,Blue Topaz Band
25052,Hauyne Ring
25053,Lazuli Ring
25054,Sodalite Band
25055,Alexandrite Ring
25056,Almandine Ring
25057,Amber Band
25058,Anglesite Choker
25059,Fire Opal Collar
25060,Sunstone Necklace
25061,Hiddenite Necklace
25062,Zircon Amulet
25063,Multi-Colored Beads
25064,Amethyst Pendant
25065,Turquoise Brooch
25066,Pink Sapphire Necklace
25067,Diopside Beads
25068,Kunzite Necklace
25069,Epidote Stone Necklace
25070,Coral Beads
25071,Tanzanite Pendant
25072,Northman's Shield
25073,Emperor Shield
25074,Telaari Shield
25075,Hardened Steel Shield
25076,Screaming Shield
25077,Modani War-Shield
25078,Zangari Shield
25079,Outland Shield
25080,Spell-Breaker Shield
25081,Bayeaux Shield
25082,Fel-Iron Shield
25083,Smouldering Shield
25084,Zeth'Gor Shield
25085,Dragonscale Shield
25086,Dreamseeker Dandelion
25087,Bleeding Eye
25088,Laughing Skull Orb
25089,Supplicant's Rod
25090,Slavehandler Rod
25091,Mistyreed Torch
25092,Consortium Crystal
25093,Shadow Council Orb
25094,Eldr'naan Scepter
25095,Archmage Orb
25096,Elementalist Star
25097,Astralaan Orb
25098,Tuurik Torch
25099,Draenei Crystal Rod
25100,Liege Blade
25101,Cross Pommel Dagger
25102,Jaedenis Dagger
25103,Nightstalker Dagger
25104,Anzac Dagger
25105,Arachnid Dagger
25106,Cobra Shortblade
25107,Draconic Dagger
25108,Grave Keeper Knife
25109,Moon Blade
25110,Sharp Bowie Knife
25111,Lionhead Dagger
25112,Fel Ripper
25113,Phantom Dagger
25114,Doomsayer's Mace
25115,Riversong Mace
25116,Pneumatic War Hammer
25117,Flanged Battle Mace
25118,Battle Star
25119,Silvermoon War-Mace
25120,Rockshard Club
25121,Dreaded Mace
25122,Khorium Plated Bludgeon
25123,Boneshredder Mace
25124,Footman Mace
25125,Retro-Spike Club
25126,Anvilmar Hammer
25127,Knight's War Hammer
25128,Shining Mace
25129,Giant's Leg Bone
25130,Gronn-Bone Club
25131,Hateful Bludgeon
25132,Thrallmar War Hammer
25133,Stormwind Maul
25134,Highmountain Hammer
25135,Clefthoof Mace
25136,Blood Stained Hammer
25137,Draenethyst Mallet
25138,Blood Knight Maul
25139,Algaz Battle Hammer
25140,Commanding Mallet
25141,Halaani Hammer
25142,Telaari Longblade
25143,Silver Hand Blade
25144,Skettis Curved Blade
25146,Light-Etched Longsword
25147,Skystrider Katana
25148,Bone Collector Sword
25149,Baron's Broadsword
25150,Honor Hold Saber
25151,Assassins' Short Blade
25152,Howling Sword
25153,Gladiator Greatblade
25154,Blood Groove Blade
25155,Iron Skull Sword
25156,Royal Crusader Sword
25157,Serpentlord Claymore
25158,Skeletal Broadsword
25160,Vengeance Blade
25161,Dragon Wing Blade
25162,Darkened Broadsword
25163,Elexorien Blade
25164,Crude Umbrafen Blade
25165,Boulderfist Claymore
25166,Mok'Nathal Warblade
25167,Nethersteel Claymore
25168,Sha'tari Longsword
25169,Fel Orc Brute Sword
25170,Rattan Bo Staff
25171,Straight Hardwood Staff
25172,Jinbali Warp-Staff
25174,Hanbo Staff
25175,Demoniac Longstaff
25176,Taiji Quarterstaff
25177,Tanjo Staff
25178,Bata Staff
25179,Nguni Stick
25180,Calenda Fighting Stick
25181,Tapered Staff
25182,Crystal-Etched Warstaff
25183,Voodoo Hex-Staff
25184,Ravager Claws
25185,Thrasher Blades
25186,Vampiric Handscythes
25187,Shekketh Talons
25188,Spleenripper Claws
25189,Ironspine Point
25190,Wight's Claws
25191,Dread Fangs
25192,Gutrippers
25193,Deathclaw Talons
25194,Serpent's Fangs
25195,Diamond Tipped Claws
25196,Boneshredder Claws
25197,Razor Scythes
25198,Karaborian Battle Axe
25199,Knight's War Axe
25200,Jagged Broadaxe
25201,Reaver's Sickle
25202,Kingly Axe
25203,Chipped Woodchopper
25204,Colossal War Axe
25205,Silvermoon Crescent Axe
25206,Berserker Axe
25207,Shadowmoon Cleaver
25208,Bladespire Broadaxe
25209,Amani Tomahawk
25210,Double-Bladed Axe
25211,Rockbiter Cutter
25212,Lucky Strike Axe
25213,Fel-Touched Axe
25214,Mok'Nathal Battleaxe
25215,Spiked Battle Axe
25216,Ogre Splitting Axe
25217,Sundering Axe
25218,Silver-Edged Axe
25219,Rending Claw
25220,Glorious War-Axe
25221,Ghostly Battle Axe
25222,Ceremonial Slayer's Axe
25223,Windcaller Hatchet
25224,Slavemaster Axe
25225,Deepforge Broadaxe
25226,War Scythe
25227,Sha'tari Longspear
25228,Halberd Polearm
25229,Partisan Polearm
25230,Voulge Blade
25231,Fel-Wrought Halberd
25232,War Glaive
25233,Battle Scythe
25234,Telaari Polearm
25235,Ethereal-Etched Glaive
25236,Grim Scythe
25237,Nether Trident
25238,Hellfire War Spear
25239,Legend's Glaive
25240,Azerothian Longbow
25241,Ashenvale Longbow
25242,Telaari Longbow
25243,Windtalker Bow
25244,Viper Bow
25245,Razorsong Bow
25246,Thalassian Compound Bow
25247,Expert's Bow
25248,Talbuk Hunting Bow
25249,Ranger's Recurved Bow
25250,Rocslayer Longbow
25251,Orc Flatbow
25252,Dream Catcher Bow
25253,Windspear Longbow
25254,Tower Crossbow
25255,Ram's Head Crossbow
25256,Stronghold Crossbow
25257,Citadel Crossbow
25258,Repeater Crossbow
25259,Collapsible Crossbow
25260,Archer's Crossbow
25261,Mighty Crossbow
25262,Battle Damaged Crossbow
25263,Assassins' Silent Crossbow
25264,Pocket Ballista
25265,Barreled Crossbow
25266,Well-Balanced Crossbow
25267,Rampant Crossbow
25268,Lead-Slug Shotgun
25269,Longbeard Rifle
25270,Gnomish Assault Rifle
25271,Croc-Hunter's Rifle
25272,PC-54 Shotgun
25273,Sawed-Off Shotgun
25274,Cliffjumper Shotgun
25275,Dragonbreath Musket
25276,Tauren Runed Musket
25277,Sporting Rifle
25278,Nessingwary Longrifle
25279,Sen'jin Longrifle
25280,Game Hunter Musket
25281,Big-Boar Battle Rifle
25282,Mahogany Wand
25283,Crystallized Ebony Wand
25284,Purpleheart Wand
25286,Yew Wand
25287,Magician's Wand
25288,Conjurer's Wand
25289,Majestic Wand
25290,Solitaire Wand
25291,Nobility Torch
25292,Mechano-Wand
25293,Draenethyst Wand
25294,Dragonscale Wand
25295,Flawless Wand
25296,Absorption Dagger
25297,Tuning Knife
25298,Combustion Dagger
25299,Siphoning Dagger
25300,Lightning Dagger
25301,Shattering Dagger
25302,Soul-Drain Dagger
25303,Amplifying Blade
25304,Destructo-Blade
25305,Elemental Dagger
25306,Permafrost Dagger
25307,Shadow Dagger
25308,Thunder Spike
25309,Warpdagger
25310,Naaru Lightmace
25311,Revitalizing Hammer
25312,Glorious Scepter
25313,Cold-Iron Scepter
25314,Ceremonial Hammer
25315,Restorative Mace
25316,Spirit-Clad Mace
25317,Lesser Sledgemace
25318,Ancestral Hammer
25319,Tranquility Mace
25320,Queen's Insignia
25321,Divine Hammer
25322,Lordly Scepter
25323,Ascendant's Scepter
25324,Angerstaff
25325,Brutal Scar-Limb
25326,Primal Lore-Staff
25327,Frenzied Staff
25328,Faerie-Kind Staff
25329,Tranquility Staff
25330,Starshine Staff
25331,Vengeance Staff
25332,Reflective Staff
25333,Purification Staff
25334,Intimidating Greatstaff
25335,Feral Warp-Staff
25336,Splintering Greatstaff
25337,Swarming Sting-Staff
25338,Loosely Threaded Pants
25339,Loosely Threaded Shoulderpads
25340,Loosely Threaded Vest
25341,Dilapidated Cloth Belt
25342,Dilapidated Cloth Boots
25343,Dilapidated Cloth Bracers
25345,Dilapidated Cloth Hat
25346,Dilapidated Cloth Pants
25348,Dilapidated Cloth Vest
25349,Moldy Leather Armor
25350,Moldy Leather Belt
25351,Moldy Leather Boots
25352,Moldy Leather Bracers
25353,Moldy Leather Gloves
25354,Moldy Leather Helmet
25355,Moldy Leather Pants
25356,Moldy Leather Shoulderpads
25357,Decaying Leather Armor
25358,Decaying Leather Belt
25359,Decaying Leather Boots
25360,Decaying Leather Bracers
25361,Decaying Leather Gloves
25362,Decaying Leather Helmet
25363,Decaying Leather Pants
25364,Decaying Leather Shoulderpads
25365,Eroded Mail Armor
25366,Eroded Mail Belt
25367,Eroded Mail Boots
25368,Eroded Mail Bracers
25369,Eroded Mail Circlet
25370,Eroded Mail Gloves
25371,Eroded Mail Pants
25372,Eroded Mail Shoulderpads
25373,Corroded Mail Armor
25374,Corroded Mail Belt
25375,Corroded Mail Boots
25376,Corroded Mail Bracers
25377,Corroded Mail Circlet
25378,Corroded Mail Gloves
25379,Corroded Mail Pants
25380,Corroded Mail Shoulderpads
25381,Tarnished Plate Belt
25382,Tarnished Plate Boots
25383,Tarnished Plate Bracers
25384,Tarnished Plate Chestpiece
25385,Tarnished Plate Gloves
25386,Tarnished Plate Helmet
25387,Tarnished Plate Pants
25388,Tarnished Plate Shoulderpads
25389,Deteriorating Plate Belt
25390,Deteriorating Plate Boots
25391,Deteriorating Plate Bracers
25392,Deteriorating Plate Chestpiece
25393,Deteriorating Plate Gloves
25394,Deteriorating Plate Helmet
25395,Deteriorating Plate Pants
25396,Deteriorating Plate Shoulderpads
25397,Eroded Axe
25398,Stone Reaper
25399,Deteriorating Blade
25400,Tarnished Claymore
25401,Corroded Mace
25402,The Stoppable Force
25403,Sharpened Stilleto
25404,Dense War Staff
25405,Rusted Musket
25406,Broken Longbow
25408,Shiny Tail Hair
25409,Resilient Tail Hair
25412,Dirt-covered Fur
25413,Smooth Fur
25416,Oshu'gun Crystal Fragment
25417,Bloody Fang
25418,Razor Sharp Fang
25420,Severed Claw
25421,Gnarled Claw
25425,Molted Feather
25426,Brilliant Feather
25427,Beaten Talon
25428,Savage Talon
25429,Grime-encrusted Scale
25431,Ripped Fin
25434,Fractured Carapace
25435,Hardened Carapace
25436,Twitching Leg
25438,Malachite Pendant
25439,Tigerseye Band
25440,Cracked Boar Tusk
25442,Mangled Snout
25444,Corrosive Ichor
25447,Broken Skull
25450,Creeping Moss
25451,Swamp Moss
25452,Blighted Fungus
25454,Luminescent Globe
25456,Glowing Spores
25463,Pair of Ivory Tusks
25521,Greater Rune of Warding
25548,Tallstalk Mushroom
25550,Redcap Toadstool
25649,Knothide Leather Scraps
25650,Knothide Armor Kit
25651,Vindicator's Armor Kit
25652,Magister's Armor Kit
25653,Riding Crop
25654,Felscale Gloves
25655,Felscale Boots
25656,Felscale Pants
25657,Felscale Breastplate
25659,Scaled Draenic Boots
25660,Scaled Draenic Vest
25661,Scaled Draenic Gloves
25662,Scaled Draenic Pants
25668,Thick Draenic Boots
25669,Thick Draenic Gloves
25670,Thick Draenic Pants
25671,Thick Draenic Vest
25673,Wild Draenish Boots
25674,Wild Draenish Gloves
25675,Wild Draenish Leggings
25676,Wild Draenish Vest
25679,Comfortable Insoles
25680,Stylin' Purple Hat
25681,Stylin' Adventure Hat
25682,Stylin' Jungle Hat
25685,Fel Leather Gloves
25686,Fel Leather Boots
25687,Fel Leather Leggings
25689,Heavy Clefthoof Vest
25690,Heavy Clefthoof Leggings
25691,Heavy Clefthoof Boots
25692,Netherfury Leggings
25693,Netherfury Boots
25694,Netherfury Belt
25695,Felstalker Belt
25696,Felstalker Breastplate
25697,Felstalker Bracers
25699,Crystal Infused Leather
25700,Fel Scales
25707,Fel Hide
25708,Thick Clefthoof Leather
25719,Arakkoa Feather
25720,Pattern: Heavy Knothide Leather
25725,Pattern: Riding Crop
25726,Pattern: Comfortable Insoles
25744,Dampscale Basilisk Eye
25802,Dreadfang Venom Sac
25813,Small Mushroom
25843,Fel Iron Rod
25844,Adamantite Rod
25845,Eternium Rod
25846,Plans: Adamantite Rod
25847,Plans: Eternium Rod
25848,Formula: Runed Adamantite Rod
25849,Formula: Runed Eternium Rod
25861,Crude Throwing Axe
25867,Earthstorm Diamond
25868,Skyfire Diamond
25872,Balanced Throwing Dagger
25873,Keen Throwing Knife
25874,Large Throwing Knife
25875,Deadly Throwing Axe
25876,Gleaming Throwing Axe
25886,Purple Smoke Flare
25887,Schematic: Purple Smoke Flare
25890,Destructive Skyfire Diamond
25893,Mystical Skyfire Diamond
25894,Swift Skyfire Diamond
25895,Enigmatic Skyfire Diamond
25896,Powerful Earthstorm Diamond
25897,Bracing Earthstorm Diamond
25898,Tenacious Earthstorm Diamond
25899,Brutal Earthstorm Diamond
25901,Insightful Earthstorm Diamond
25905,Design: Tenacious Earthstorm Diamond
25906,Design: Brutal Earthstorm Diamond
25907,Design: Destructive Skyfire Diamond
25909,Design: Mystical Skyfire Diamond
27422,Barbed Gill Trout
27425,Spotted Feltail
27429,Zangarian Sporefish
27435,Figluster's Mudfish
27437,Icefin Bluefish
27438,Golden Darter
27439,Furious Crawdad
27441,Felblood Snapper
27442,Goldenscale Vendorfish
27443,Steam Pump Debris
27498,Scroll of Agility V
27499,Scroll of Intellect V
27500,Scroll of Protection V
27501,Scroll of Spirit V
27502,Scroll of Stamina V
27503,Scroll of Strength V
27515,Huge Spotted Feltail
27516,Enormous Barbed Gill Trout
27532,Master Fishing - The Art of Angling
27635,Lynx Steak
27636,Bat Bites
27651,Buzzard Bites
27655,Ravager Dog
27656,Sporeling Snack
27657,Blackened Basilisk
27658,Roasted Clefthoof
27659,Warp Burger
27660,Talbuk Steak
27661,Blackened Trout
27662,Feltail Delight
27663,Blackened Sporefish
27664,Grilled Mudfish
27665,Poached Bluefish
27666,Golden Fish Sticks
27667,Spicy Crawdad
27668,Lynx Meat
27669,Bat Flesh
27671,Buzzard Meat
27674,Ravager Flesh
27676,Strange Spores
27677,Chunk o' Basilisk
27678,Clefthoof Meat
27681,Warped Flesh
27682,Talbuk Venison
27684,Recipe: Buzzard Bites
27685,Recipe: Lynx Steak
27686,Recipe: Roasted Moongraze Tenderloin
27687,Recipe: Bat Bites
27688,Recipe: Ravager Dog
27689,Recipe: Sporeling Snack
27690,Recipe: Blackened Basilisk
27691,Recipe: Roasted Clefthoof
27692,Recipe: Warp Burger
27693,Recipe: Talbuk Steak
27694,Recipe: Blackened Trout
27695,Recipe: Feltail Delight
27696,Recipe: Blackened Sporefish
27697,Recipe: Grilled Mudfish
27698,Recipe: Poached Bluefish
27699,Recipe: Golden Fish Sticks
27700,Recipe: Spicy Crawdad
27736,Master Cookbook
27854,Smoked Talbuk Venison
27855,Mag'har Grainbread
27856,Skethyl Berries
27857,Garadar Sharp
27858,Sunspring Carp
27859,Zangar Caps
27860,Purified Draenic Water
27932,Razor Claw
27933,Serrated Tooth
27934,Vorpal Claw
27978,Soap on a Rope
27992,Infallible Tikbalang Ward
28053,Wicked Arrow
28056,Blackflight Arrow
28059,Iridescent Eye
28060,Impact Shot
28061,Ironbite Shell
28100,Volatile Healing Potion
28101,Unstable Mana Potion
28102,Onslaught Elixir
28103,Adept's Elixir
28104,Elixir of Mastery
28270,Formula: Enchant Chest - Major Resilience
28279,Formula: Enchant Boots - Cat's Swiftness
28280,Formula: Enchant Boots - Boar's Speed
28282,Formula: Enchant Shield - Major Stamina
28290,Smooth Golden Draenite
28291,Design: Smooth Golden Draenite
28399,Filtered Draenic Water
28420,Fel Weightstone
28421,Adamantite Weightstone
28452,Bloodgem Shard
28458,Bold Tourmaline
28459,Delicate Tourmaline
28460,Teardrop Tourmaline
28461,Runed Tourmaline
28462,Bright Tourmaline
28463,Solid Zircon
28464,Sparkling Zircon
28465,Lustrous Zircon
28466,Brilliant Amber
28467,Smooth Amber
28468,Rigid Amber
28469,Gleaming Amber
28470,Thick Amber
28491,Windwalker's Footwraps
28492,Talonite's Boots
28493,Dreadhawk's Schynbald
28494,Ravenguard's Greaves
28495,Windwalker's Sash
28496,Talonite's Belt
28497,Dreadhawk's Girdle
28498,Ravenguard's Baldric
28501,Ravager Egg Omelet
28531,Barbed Shrike
28532,Silver Throwing Knifes
28533,Wooden Boomerang
28534,Fel Tipped Dart
28535,Amani Throwing Axe
28536,Jagged Guillotine
28537,Wildhammer Throwing Axe
28538,Forked Shuriken
28539,Razor-Edged Boomerang
28540,Arakkoa Talon-Axe
28541,Sawshrike
28542,Heartseeker Knives
28543,Dreghood Throwing Axe
28544,Assassin's Shuriken
28595,Bright Blood Garnet
28596,Design: Bright Blood Garnet
28979,Light Throwing Knife
29007,Weighted Throwing Axe
29008,Sharp Throwing Axe
29009,Heavy Throwing Dagger
29010,Wicked Throwing Dagger
29013,Jagged Throwing Axe
29014,Blacksteel Throwing Dagger
29110,Ruined Scented Candle
29111,Box of Stale Candy
29112,Cenarion Spirits
29157,Golden Ring of Power
29158,Truesilver Commander's Ring
29159,Glowing Thorium Band
29160,Emerald Lion Ring
29201,Thick Bronze Darts
29202,Whirling Steel Axes
29203,Enchanted Thorium Blades
29204,Felsteel Whisper Knives
29207,Conjuring Powder
29292,Helboar Bacon
29363,Mana Wyrmling
29364,Brown Rabbit Crate
29371,Nexus-Claw
29372,Void-Talon
29377,Ethereum Phase-Spear
29378,Starheart Baton
29380,Ethereum Phase Blade
29391,Pulse Dagger
29393,Diamond Berries
29394,Lyribread
29395,Ethermead
29425,Mark of Kil'jaeden
29426,Firewing Signet
29448,Mag'har Mild Cheese
29449,Bladespire Bagel
29450,Telaari Grapes
29451,Clefthoof Ribs
29452,Zangar Trout
29453,Sporeggar Mushroom
29460,Ethereum Prison Key
29483,Shadow Armor Kit
29485,Flame Armor Kit
29486,Frost Armor Kit
29487,Nature Armor Kit
29488,Arcane Armor Kit
29490,Enchanted Felscale Gloves
29493,Flamescale Boots
29494,Flamescale Belt
29496,Enchanted Clefthoof Gloves
29497,Enchanted Clefthoof Boots
29498,Blastguard Pants
29499,Blastguard Boots
29500,Blastguard Belt
29502,Cobrascale Hood
29503,Cobrascale Gloves
29504,Windscale Hood
29505,Hood of Primal Life
29506,Gloves of the Living Touch
29507,Windslayer Wraps
29508,Living Dragonscale Helm
29509,Windstrike Gloves
29510,Netherdrake Helm
29511,Netherdrake Gloves
29514,Thick Netherscale Breastplate
29518,Amani Scimitar
29528,Drums of War
29529,Drums of Battle
29530,Drums of Speed
29531,Drums of Restoration
29532,Drums of Panic
29533,Cobrahide Leg Armor
29534,Clefthide Leg Armor
29535,Nethercobra Leg Armor
29536,Nethercleft Leg Armor
29539,Cobra Scales
29540,Reinforced Mining Bag
29547,Wind Scales
29548,Nether Dragonscales
29549,Codex: Prayer of Fortitude III
29550,Tome of Conjure Water IX
29553,Basilisk Liver
29554,Encrusted Basilisk Skin
29556,Basilisk Venom Sac
29559,Vibrant Feather
29560,Electrified Scale
29570,A Gnome Effigy
29571,A Steamy Romance Novel
29572,Aboriginal Carvings
29575,A Jack-o'-Lantern
29576,Shark Bait
29578,Crystalized Stone
29579,Crystalized Stone Chips
29583,Sinister Scimitar
29584,Throat Piercers
29723,Pattern: Cobrascale Hood
29724,Pattern: Cobrascale Gloves
29725,Pattern: Windscale Hood
29726,Pattern: Hood of Primal Life
29727,Pattern: Gloves of the Living Touch
29728,Pattern: Windslayer Wraps
29729,Pattern: Living Dragonscale Helm
29730,Pattern: Earthen Netherscale Boots
29731,Pattern: Windstrike Gloves
29732,Pattern: Netherdrake Helm
29733,Pattern: Netherdrake Gloves
29734,Pattern: Thick Netherscale Breastplate
29739,Arcane Tome
29740,Fel Armament
29750,Ethereum Stasis Chamber Key
29799,Lifeless Tendril
29800,Evil Eye
29901,Blue Moth Egg
29902,Red Moth Egg
29903,Yellow Moth Egg
29904,White Moth Egg
29953,Golden Dragonhawk Hatchling
29956,Red Dragonhawk Hatchling
29957,Silver Dragonhawk Hatchling
29958,Blue Dragonhawk Hatchling
29960,Captured Firefly
30032,Red Belt of Battle
30034,Belt of the Guardian
30036,Belt of the Long Road
30038,Belt of Blasting
30040,Belt of Deep Shadow
30042,Belt of Natural Power
30044,Monsoon Belt
30046,Belt of the Black Eagle
30155,Clam Bar
30156,Recipe: Clam Bar
30282,Pattern: Boots of Blasting
30283,Pattern: Boots of the Long Road
30305,Pattern: Boots of Natural Grace
30306,Pattern: Boots of Utter Darkness
30307,Pattern: Boots of the Crimson Hawk
30308,Pattern: Hurricane Boots
30323,Plans: Boots of the Protector
30324,Plans: Red Havoc Boots
30355,Grilled Shadowmoon Tuber
30419,Brilliant Necklace
30420,Heavy Jade Ring
30421,Red Ring of Destruction
30422,Diamond Focus Ring
30436,Jagged Blue Crystal
30437,Jagged Red Crystal
30438,Cache of the Legion Key
30457,Gilneas Sparkling Water
30458,Stromgarde Muenster
30477,Connective Tissue
30483,Pattern: Shadowcloth
30510,Imbued Leaf
30511,Stonewood
30542,Dimensional Ripper - Area 52
30544,Ultrasafe Transporter: Toshley's Station
30610,Smoked Black Bear Meat
30651,Dertrok's First Wand
30652,Dertrok's Second Wand
30653,Dertrok's Third Wand
30654,Dertrok's Fourth Wand
30744,Draenic Leather Pack
30745,Heavy Toolbox
30746,Mining Sack
30747,Gem Pouch
30748,Enchanter's Satchel
30752,Mag'hari Battleaxe
30753,Warphorn Spear
30755,Mag'hari Fighting Claw
30757,Draenic Light Crossbow
30758,Aldor Guardian Rifle
30759,Mag'hari Light Recurve
30804,Bronze Band of Force
30809,Mark of Sargeras
30810,Sunfury Signet
30812,Iridescent Scale
30813,Envenomed Fang
30814,Enormous Molar
30815,Giant Scale
30816,Spice Bread
30817,Simple Flour
30821,Envenomed Scorpid Stinger
30825,Ring of Arcane Shielding
30831,Cloak of Arcane Evasion
30837,Flameheart Bracers
30838,Flameheart Gloves
30839,Flameheart Vest
31079,Mercurial Adamantite
31080,Mercurial Stone
31125,Boots of the Decimator
31126,Gloves of Ferocity
31127,Hauberk of Totemic Rage
31131,Sash of Silent Blades
31133,Leggings of Concentrated Darkness
31134,Blade of Misfortune
31136,Breastplate of Blade Turning
31137,Gauntlets of Purification
31138,Storm Lord's Girdle
31139,Fist of Reckoning
31140,Cloak of Entropy
31142,Blade of Trapped Knowledge
31143,Shroud of Frenzy
31145,Headdress of the Sleeper
31147,Pendant of Cunning
31148,Demon Hide Spaulders
31149,Gloves of Pandemonium
31150,Gloves of Piety
31151,Girdle of Siege
31152,Chestguard of Illumination
31153,Axe of the Legion
31154,Bronze Torc
31155,Drakescale Breastplate
31156,Drakescale Hauberk
31157,Drakehide Tunic
31158,Drakeweave Raiment
31159,Felstone Pauldrons
31160,Felstone Epaulets
31161,Felstone Spaulders
31162,Felstone Mantle
31163,Nethersteel Handguards
31164,Nethersteel Gauntlets
31165,Nethersteel-Reinforced Gloves
31166,Nethersteel-Lined Handwraps
31168,Demon-Forged Chestguard
31170,Demon-Forged Hauberk
31172,Demon-Cured Tunic
31173,Boots of Savagery
31174,Demonweave Raiment
31175,Blade Dancer's Wristguards
31176,Rockwurm Plate Handguards
31177,Rockwurm Scale Gauntlets
31178,Amulet of Unstable Power
31179,Rockwurm Hide Gloves
31180,Gauntlets of the Skullsplitter
31181,Rockwurm Hide Handwraps
31182,Legion Helm
31183,Legion Coif
31184,Legion Headguard
31185,Legion Crown
31186,Braxxis' Staff of Slumber
31187,Boots of the Pathfinder
31188,Crocolisk Scale Vambraces
31189,Crocolisk Scale Wristguards
31190,The Dreamer's Shoulderpads
31191,Crocolisk Hide Bracers
31192,Crocolisk Hide Bindings
31193,Blade of Unquenched Thirst
31194,Gronn-Blessed Warbeads
31195,Voidplate Girdle
31196,Amulet of Sanctification
31197,Voidscale Belt
31198,Voidhide Cord
31199,Voidweave Cilice
31200,Shield of the Wayward Footman
31201,Illidari Cloak
31202,Girdle of Divine Blessing
31203,Arcane Loop
31204,The Gunblade
31209,Chimaerascale Legplates
31210,Chimaerascale Legguards
31211,Chimaerahide Pants
31212,Chimaerahide Leggings
31213,Abyssal Plate Sabatons
31214,Abyssal Mail Greaves
31215,Abyssal Leather Treads
31216,Abyssal Cloth Footwraps
31217,Crimson Beholder Eye
31218,Fiery Beholder Eye
31219,Emerald Beholder Eye
31220,Amethyst Beholder Eye
31221,Illidari Vambraces
31222,Headdress of Inner Rage
31223,Illidari Wristguards
31224,Illidari Bracers
31226,Leggings of the Sly
31227,Feathered Girdle
31228,Feathered Belt
31229,Feathered Waistband
31230,Abyss Walker's Boots
31231,Feathered Sash
31232,Grim Sabatons
31233,Grim Greaves
31234,Crystalblade of the Draenei
31235,Grim Boots
31236,Grim Slippers
31237,Elekk Hide Leggings
31238,Dragonbone Ring
31240,Scales of the Beast
31242,Nagascale Legplates
31243,Nagascale Legguards
31244,Nagahide Pants
31246,Nagahide Leggings
31247,Bog Pauldrons
31248,Bog Epaulets
31249,Bog Spaulders
31250,Bog Mantle
31254,Striderhide Cloak
31255,Cloak of the Craft
31258,Band of Sorrow
31268,Abomination Cleaver
31269,Ghoul Hammer
31270,Banshee Rod
31272,Crown of Endless Knowledge
31275,Necklace of Trophies
31276,Boots of Zealotry
31277,Pathfinder's Band
31280,Thundercaller's Gauntlets
31281,Mask of Veiled Death
31282,Shroud of Spiritual Purity
31283,Sash of Sealed Fate
31284,Bracers of Recklessness
31285,Chestguard of the Talon
31286,Breastplate of Rapid Striking
31287,Draenei Honor Guard Shield
31288,The Master's Treads
31289,Staff of Divine Infusion
31290,Band of Dominion
31291,Crystalforged War Axe
31292,Crystal Pulse Shield
31293,Girdle of Gale Force
31294,Pauldrons of Surging Mana
31295,Chestguard of the Dark Stalker
31297,Robe of the Crimson Order
31298,Legguards of the Shattered Hand
31299,The Oathkeeper
31303,Valanos' Longbow
31304,The Essence Focuser
31305,Ced's Carver
31306,Leggings of the Sacred Crest
31308,The Bringer of Death
31318,Singing Crystal Axe
31319,Band of Impenetrable Defenses
31320,Chestguard of Exile
31321,Choker of Repentance
31322,The Hammer of Destiny
31323,Don Santos' Famous Hunting Rifle
31326,Truestrike Ring
31328,Leggings of Beast Mastery
31329,Lifegiving Cloak
31330,Lightning Crown
31331,The Night Blade
31332,Blinkstrike
31333,The Night Watchman
31334,Staff of Natural Fury
31335,Pants of Living Growth
31336,Blade of Wizardry
31338,Charlotte's Ivy
31339,Lola's Eve
31340,Will of Edward the Odd
31342,The Ancient Scepter of Sue-Min
31343,Kamaei's Cerulean Skirt
31364,Wildguard Breastplate
31367,Wildguard Leggings
31368,Wildguard Helm
31369,Iceguard Breastplate
31370,Iceguard Leggings
31371,Iceguard Helm
31398,The Frozen Eye
31399,The Natural Ward
31501,Tome of Conjure Food VIII
31550,Albreck's Findings
31554,Windchanneller's Tunic
31556,Windchanneller's Leggings
31562,Skystalker's Tunic
31564,Skystalker's Leggings
31570,Mistshroud Tunic
31572,Mistshroud Pants
31578,Slatesteel Breastplate
31580,Slatesteel Leggings
31670,Raptor Ribs
31671,Serpent Flesh
31672,Mok'Nathal Shortribs
31673,Crunchy Serpent
31676,Fel Regeneration Potion
31677,Fel Mana Potion
31679,Fel Strength Elixir
31837,Codex: Prayer of Shadow Protection II
31860,Great Golden Draenite
31861,Great Dawnstone
31862,Balanced Shadow Draenite
31863,Balanced Nightseye
31864,Infused Shadow Draenite
31865,Infused Nightseye
31866,Veiled Flame Spessarite
31867,Veiled Noble Topaz
31868,Wicked Noble Topaz
31869,Wicked Flame Spessarite
31870,Design: Great Golden Draenite
31871,Design: Balanced Shadow Draenite
31872,Design: Infused Shadow Draenite
31873,Design: Veiled Flame Spessarite
31874,Design: Wicked Flame Spessarite
31875,Design: Great Dawnstone
31876,Design: Balanced Nightseye
31877,Design: Infused Nightseye
31878,Design: Veiled Noble Topaz
31879,Design: Wicked Noble Topaz
31882,Ace of Blessings
31883,Eight of Blessings
31884,Five of Blessings
31885,Four of Blessings
31886,Seven of Blessings
31887,Six of Blessings
31888,Three of Blessings
31889,Two of Blessings
31890,Blessings Deck
31891,Storms Deck
31892,Ace of Storms
31893,Eight of Storms
31894,Five of Storms
31895,Four of Storms
31896,Seven of Storms
31898,Six of Storms
31899,Three of Storms
31900,Two of Storms
31901,Ace of Furies
31902,Eight of Furies
31903,Five of Furies
31904,Four of Furies
31905,Seven of Furies
31906,Six of Furies
31907,Furies Deck
31908,Three of Furies
31909,Two of Furies
31910,Ace of Lunacy
31911,Eight of Lunacy
31912,Five of Lunacy
31913,Four of Lunacy
31914,Lunacy Deck
31915,Seven of Lunacy
31916,Six of Lunacy
31917,Three of Lunacy
31918,Two of Lunacy
31940,Ethereum Torque
31941,Mark of the Nexus-King
31942,Deathwing Brood Cloak
31944,Demonic Capacitor
31945,Shadow Circuit
32062,Elixir of Major Fortitude
32063,Earthen Elixir
32067,Elixir of Draenic Wisdom
32068,Elixir of Ironskin
32079,Shaffar's Stasis Chamber Key
32193,Bold Crimson Spinel
32194,Delicate Crimson Spinel
32195,Teardrop Crimson Spinel
32196,Runed Crimson Spinel
32197,Bright Crimson Spinel
32198,Subtle Crimson Spinel
32199,Flashing Crimson Spinel
32200,Solid Empyrean Sapphire
32201,Sparkling Empyrean Sapphire
32202,Lustrous Empyrean Sapphire
32203,Stormy Empyrean Sapphire
32204,Brilliant Lionseye
32205,Smooth Lionseye
32206,Rigid Lionseye
32207,Gleaming Lionseye
32208,Thick Lionseye
32209,Mystic Lionseye
32210,Great Lionseye
32211,Sovereign Shadowsong Amethyst
32212,Shifting Shadowsong Amethyst
32213,Balanced Shadowsong Amethyst
32214,Infused Shadowsong Amethyst
32215,Glowing Shadowsong Amethyst
32216,Royal Shadowsong Amethyst
32217,Inscribed Pyrestone
32218,Potent Pyrestone
32219,Luminous Pyrestone
32220,Glinting Pyrestone
32221,Veiled Pyrestone
32222,Wicked Pyrestone
32223,Enduring Seaspray Emerald
32224,Radiant Seaspray Emerald
32225,Dazzling Seaspray Emerald
32226,Jagged Seaspray Emerald
32227,Crimson Spinel
32228,Empyrean Sapphire
32229,Lionseye
32230,Shadowsong Amethyst
32231,Pyrestone
32249,Seaspray Emerald
32381,Schematic: Fused Wiring
32388,Shadow Dust
32389,Soulguard Leggings
32390,Soulguard Girdle
32391,Soulguard Slippers
32392,Soulguard Bracers
32393,Redeemed Soul Cinch
32394,Redeemed Soul Moccasins
32395,Redeemed Soul Wristguards
32396,Redeemed Soul Legguards
32397,Waistguard of Shackled Souls
32398,Boots of Shackled Souls
32399,Bracers of Shackled Souls
32400,Greaves of Shackled Souls
32401,Shadesteel Girdle
32402,Shadesteel Sabots
32403,Shadesteel Bracers
32404,Shadesteel Greaves
32409,Relentless Earthstorm Diamond
32410,Thundering Skyfire Diamond
32411,Design: Thundering Skyfire Diamond
32413,Frost Grenade
32420,Night's End
32423,Icy Blasting Primers
32428,Heart of Darkness
32453,Star's Tears
32464,Nethercite Ore
32468,Netherdust Pollen
32470,Nethermine Flayer Hide
32508,Necklace of the Deep
32535,Gift of the Talonpriests
32540,Terokk's Might
32541,Terokk's Wisdom
32568,Swiftsteel Bracers
32571,Dawnsteel Bracers
32574,Bindings of Lightning Reflexes
32576,Depleted Crystal Focus
32577,Living Earth Bindings
32580,Swiftstrike Bracers
32582,Bracers of Renewed Life
32584,Swiftheal Wraps
32586,Bracers of Nimble Thought
32596,Unstable Flask of the Elder
32597,Unstable Flask of the Soldier
32598,Unstable Flask of the Beast
32599,Unstable Flask of the Bandit
32600,Unstable Flask of the Physician
32601,Unstable Flask of the Sorcerer
32620,Time-Lost Scroll
32655,Crystalweave Bracers
32656,Crystalhide Handwraps
32658,Badge of Tenacity
32659,Crystal-Infused Shiv
32660,Crystalforged Sword
32661,Apexis Crystal Mace
32662,Flaming Quartz Staff
32663,Apexis Cleaver
32664,Dreamcrystal Band
32665,Crystalweave Cape
32670,Depleted Two-Handed Axe
32671,Depleted Mace
32672,Depleted Badge
32673,Depleted Dagger
32674,Depleted Sword
32675,Depleted Mail Gauntlets
32676,Depleted Cloth Bracers
32677,Depleted Cloak
32678,Depleted Ring
32679,Depleted Staff
32686,Mingo's Fortune Giblets
32715,Akkarai's Talons
32716,Gezzarak's Claws
32717,Karrog's Spine
32718,Vakkiz's Scale
32720,Time-Lost Offering
32722,Enriched Terocone Juice
32725,Murkblood Miner's Pick
32727,Vial of Tears
32737,Plans: Swiftsteel Shoulders
32739,Plans: Dawnsteel Shoulders
32745,Pattern: Shoulderpads of Renewed Life
32747,Pattern: Swiftstrike Shoulders
32749,Pattern: Shoulders of Lightning Reflexes
32751,Pattern: Living Earth Shoulders
32753,Pattern: Swiftheal Mantle
32755,Pattern: Mantle of Nimble Thought
32756,Gyro-Balanced Khorium Destroyer
32758,Brute Cologne
32772,Brilliant Pearl Band
32773,Bash'ir's Skeleton Key
32774,The Black Pearl
32776,Crown of the Sea Witch
32833,Purified Jaggal Pearl
32836,Purified Shadow Pearl
32839,Cauldron of Major Arcane Protection
32849,Cauldron of Major Fire Protection
32850,Cauldron of Major Frost Protection
32851,Cauldron of Major Nature Protection
32852,Cauldron of Major Shadow Protection
32897,Mark of the Illidari
32902,Bottled Nethergon Energy
32905,Bottled Nethergon Vapor
32947,Auchenai Healing Potion
32948,Auchenai Mana Potion
33042,Black Coffee
33048,Stewed Trout
33052,Fisherman's Feast
33053,Hot Buttered Trout
33092,Healing Potion Injector
33093,Mana Potion Injector
33122,Cloak of Darkness
33173,Ragesteel Shoulders
33185,Adamantite Weapon Chain
33186,Plans: Adamantite Weapon Chain
33204,Shadowprowler's Chestguard
33208,Flask of Chromatic Wonder
33209,Recipe: Flask of Chromatic Wonder
33234,Iced Berry Slush
33782,Steady Talasite
33791,Heavy Copper Longsword
33803,Adamantite Stinger
33823,Bloodfin Catfish
33824,Crescent-Tail Skullfish
33825,Skullfish Soup
33854,Unidentified Eye
33855,Tarnished Silver Ring
33856,List of Goods
33866,Stormchops
33867,Broiled Bloodfin
33872,Spicy Hot Talbuk
33874,Kibler's Bits
33924,Delicious Chocolate Cake
33954,Plans: Hammer of Righteous Might
34060,Flying Machine Control
34061,Turbo-Charged Flying Machine Control
34105,Quiver of a Thousand Feathers
34106,Netherscale Ammo Pouch
34113,Field Repair Bot 110G
34207,Glove Reinforcements
34220,Chaotic Skyfire Diamond
34249,Hula Girl Doll
34330,Heavy Knothide Armor Kit
34440,Mad Alchemist's Potion
34482,Leatherworker's Satchel
34490,Bag of Many Hides
34504,Adamantite Shell Machine
34535,Azure Whelpling
34622,Spinesever
34822,Ancient Coin
34824,Silver Statuette
34826,Gold Wedding Band
34827,Noble's Monocle
34828,Antique Silver Cufflinks
34829,Ornate Drinking Stein
34831,Eye of the Sea
34832,Captain Rumsey's Lager
34837,The 2 Ring
34838,Mariner's Log
34839,Piece of Polished Driftwood
34840,Broken Spyglass
34843,Giant Shark Tooth
34850,Midsummer Ground Flower
34859,Razor Sharp Fillet Knife
34860,Rusted Lock
34861,Sharpened Fish Hook
35314,Partially Digested Weeds
35557,Huge Snowball
35562,Bear Flank
35563,Charred Bear Kabobs
35564,Recipe: Charred Bear Kabobs
35565,Juicy Bear Burger
35566,Recipe: Juicy Bear Burger
35581,Rocket Boots Xtreme Lite
35720,Lord of Frost's Private Label
37915,Pattern: Dress Shoes
38082,"""Gigantique"" Bag"
38089,Ruby Shades
38225,Mycah's Botanical Bag
38277,Haliscan Jacket
38278,Haliscan Pantaloons
38327,Pattern: Haliscan Jacket
38328,Pattern: Haliscan Pantaloons
38427,Pickled Egg
38429,Blackrock Spring Water
38430,Blackrock Mineral Water
38431,Blackrock Fortified Water
38432,Plugger's Blackrock Ale
38466,Sulfuron Slammer
38518,Cro's Apple
184937,Chronoboon Displacer
